Date;Open;High;Low;Last;Close;Number of Shares;Number of Trades;Turnover;vwap
17/01/2025;95.60;96.60;95.20;95.20;95.20;3896;229;372892;95.7116
16/01/2025;97.50;97.70;94.10;95.40;95.40;6122;322;584366;95.4535
15/01/2025;96.70;98.80;96.70;97.30;97.30;3894;290;380676;97.7597
14/01/2025;96.80;98.30;96.40;96.50;96.50;6479;307;631288;97.4361
13/01/2025;100.40;100.60;95.80;95.90;95.90;9034;604;893687;98.9248
10/01/2025;103.60;104.40;101.60;101.60;101.60;9930;568;1017707;102.4882
'09/01/2025;102.00;104.60;99.40;103.40;103.40;12611;687;1295893;102.7589
'08/01/2025;102.20;103.60;101.40;103.00;103.00;10777;610;1106539;102.6760
'07/01/2025;102.40;104.00;101.80;102.20;102.20;18449;867;1895279;102.7307
'06/01/2025;99.30;102.80;98.60;102.40;102.40;14349;393;1456269;101.4892
'03/01/2025;97.20;100.40;97.20;99.50;99.50;6890;277;682579;99.0681
'02/01/2025;96.60;97.60;95.40;97.30;97.30;3134;206;302875;96.6417
31/12/2024;94.70;96.60;94.40;96.40;96.40;2652;197;254089;95.8104
30/12/2024;95.00;96.10;94.20;94.70;94.70;4693;270;446434;95.1276
27/12/2024;95.00;96.00;94.80;95.40;95.40;4731;242;450944;95.3169
24/12/2024;94.60;95.60;94.60;95.00;95.00;3661;152;347746;94.9867
23/12/2024;93.90;94.90;92.80;94.60;94.60;3272;282;307295;93.9167
20/12/2024;91.60;94.90;91.40;94.90;94.90;8263;272;777718;94.1206
19/12/2024;92.50;92.50;91.40;92.00;92.00;3908;332;359412;91.9681
18/12/2024;92.50;93.70;92.50;93.30;93.30;3530;297;329050;93.2154
17/12/2024;91.50;93.30;91.50;92.50;92.50;5901;419;546792;92.6610
16/12/2024;92.80;93.00;91.00;91.70;91.70;5000;347;459193;91.8386
13/12/2024;93.90;95.20;93.00;93.00;93.00;2675;193;251592;94.0531
12/12/2024;93.30;94.70;92.90;93.90;93.90;4145;353;387957;93.5965
11/12/2024;94.30;94.50;93.00;93.60;93.60;3357;250;314291;93.6225
10/12/2024;92.90;95.20;92.30;94.20;94.20;4985;349;466166;93.5138
'09/12/2024;94.80;94.90;92.00;92.90;92.90;4085;254;380313;93.0998
'06/12/2024;94.40;96.00;94.40;95.00;95.00;4115;262;392437;95.3674
'05/12/2024;94.40;95.30;94.10;94.40;94.40;2897;232;274382;94.7125
'04/12/2024;93.40;95.10;93.20;94.40;94.40;4544;346;428522;94.3051
'03/12/2024;93.50;94.10;92.80;92.80;92.80;3432;249;320324;93.3345
'02/12/2024;96.00;96.70;93.10;93.70;93.70;4272;238;404870;94.7730
29/11/2024;96.00;97.40;95.80;96.40;96.40;4213;168;405559;96.2638
28/11/2024;96.60;97.40;95.90;96.10;96.10;1371;110;132196;96.4228
27/11/2024;96.00;97.50;96.00;96.60;96.60;1915;152;185070;96.6422
26/11/2024;99.00;99.00;95.80;96.30;96.30;1716;125;165379;96.3747
25/11/2024;99.00;99.40;96.40;97.60;97.60;5672;292;553539;97.5914
22/11/2024;98.40;99.30;97.40;98.10;98.10;2344;177;230588;98.3738
21/11/2024;98.00;98.60;97.10;97.60;97.60;2511;139;245318;97.6973
20/11/2024;99.20;99.70;98.20;98.30;98.30;3822;142;377531;98.7783
19/11/2024;99.10;102.00;98.50;99.40;99.40;3185;227;318616;100.0363
18/11/2024;101.00;101.00;97.70;98.20;98.20;2827;153;279964;99.0322
15/11/2024;102.20;103.00;101.20;101.20;101.20;2521;105;256644;101.8025
14/11/2024;102.00;102.80;101.00;102.40;102.40;3472;128;354320;102.0506
13/11/2024;102.00;103.40;100.80;102.00;102.00;6716;188;684991;101.9938
12/11/2024;101.20;102.40;99.80;102.00;102.00;3857;200;390338;101.2026
11/11/2024;103.40;103.40;100.40;101.40;101.40;5489;238;562568;102.4901
'08/11/2024;99.10;104.60;99.10;104.00;104.00;10264;326;1050064;102.3055
'07/11/2024;97.50;98.70;97.50;97.70;97.70;729;66;71306;97.8134
'06/11/2024;99.90;100.00;97.60;97.70;97.70;2143;167;210943;98.4334
'05/11/2024;99.00;99.10;98.20;98.90;98.90;1305;111;128867;98.7487
'04/11/2024;100.40;102.80;99.10;99.10;99.10;3008;170;302625;100.6067
'01/11/2024;100.40;100.60;99.50;100.60;100.60;606;74;60755;100.2550
31/10/2024;100.00;101.00;98.60;101.00;101.00;2591;122;260073;100.3754
30/10/2024;99.80;101.00;99.00;101.00;101.00;2350;122;235772;100.3283
29/10/2024;100.00;101.80;98.90;100.20;100.20;2468;152;247222;100.1709
28/10/2024;98.20;100.00;97.90;98.50;98.50;2505;181;248165;99.0679
25/10/2024;99.10;99.20;98.00;98.30;98.30;2043;155;201194;98.4794
24/10/2024;98.70;100.40;98.40;99.10;99.10;1566;122;155557;99.3342
23/10/2024;98.70;99.20;97.50;98.70;98.70;2090;131;205777;98.4580
22/10/2024;98.30;99.70;97.00;98.90;98.90;2622;185;258478;98.5805
21/10/2024;99.10;100.60;97.60;98.90;98.90;2751;180;271534;98.7037
18/10/2024;98.50;101.00;98.50;99.40;99.40;2936;122;292546;99.6411
17/10/2024;100.60;100.80;99.10;99.70;99.70;1538;119;153856;100.0366
16/10/2024;99.90;100.60;99.00;100.20;100.20;1778;111;177765;99.9804
15/10/2024;99.90;100.80;98.60;99.90;99.90;1542;111;153674;99.6586
14/10/2024;102.00;102.00;98.50;99.70;99.70;2849;167;285594;100.2435
11/10/2024;97.80;101.00;97.80;100.20;100.20;3695;175;366002;99.0533
10/10/2024;103.00;103.00;96.00;99.10;99.10;3153;150;314543;99.7598
'09/10/2024;100.00;103.00;100.00;101.60;101.60;4254;170;431930;101.5350
'08/10/2024;102.00;102.20;97.00;101.00;101.00;6242;231;626168;100.3153
'07/10/2024;104.80;104.80;100.40;100.40;100.40;4736;217;481517;101.6716
'04/10/2024;103.00;105.00;103.00;103.80;103.80;2057;142;214112;104.0896
'03/10/2024;104.60;105.00;103.00;103.80;103.80;2206;127;229610;104.0845
'02/10/2024;102.00;105.00;102.00;104.60;104.60;2167;131;224445;103.5742
'01/10/2024;106.40;107.40;102.40;102.40;102.40;4970;224;519783;104.5841
30/09/2024;109.00;109.20;103.20;107.60;107.60;5154;242;546810;106.0943
27/09/2024;109.00;110.80;108.80;109.80;109.80;5699;169;627026;110.0238
26/09/2024;108.20;109.60;108.20;109.00;109.00;1852;120;201813;108.9704
25/09/2024;108.00;108.80;107.80;107.80;107.80;2746;112;296478;107.9671
24/09/2024;107.20;108.60;107.20;107.60;107.60;2854;130;307676;107.8050
23/09/2024;108.80;108.80;106.60;108.00;108.00;2430;117;262029;107.8310
20/09/2024;110.20;110.20;106.40;108.20;108.20;39261;316;4247466;108.1854
19/09/2024;109.80;110.60;109.40;110.40;110.40;2883;227;317449;110.1106
18/09/2024;109.60;109.80;109.00;109.00;109.00;2217;153;241843;109.0855
17/09/2024;109.80;110.20;109.00;109.60;109.60;3649;195;400126;109.6536
16/09/2024;109.80;110.40;109.00;110.00;110.00;4094;236;449634;109.8276
13/09/2024;106.00;110.00;106.00;109.80;109.80;5806;321;631651;108.7928
12/09/2024;105.60;107.00;105.20;107.00;107.00;1880;144;199588;106.1636
11/09/2024;106.00;106.00;103.40;104.20;104.20;1293;115;135147;104.5224
10/09/2024;104.60;106.00;103.80;105.80;105.80;2593;148;272827;105.2168
'09/09/2024;104.40;105.80;103.60;104.20;104.20;1565;122;163292;104.3397
'06/09/2024;105.20;105.60;103.40;104.60;104.60;3867;213;403819;104.4269
'05/09/2024;101.40;106.80;100.60;106.80;106.80;5009;299;524619;104.7353
'04/09/2024;99.20;101.40;98.70;101.20;101.20;2934;116;294534;100.3864
'03/09/2024;101.20;101.60;99.00;100.00;100.00;3589;171;359583;100.1903
'02/09/2024;99.40;102.20;99.10;102.20;102.20;3442;144;347937;101.0858
30/08/2024;98.00;100.60;98.00;99.60;99.60;9967;228;993676;99.6966
29/08/2024;101.00;101.00;98.00;98.00;98.00;2888;195;284871;98.6395
28/08/2024;100.40;101.20;98.70;99.90;99.90;5285;199;528431;99.9870
27/08/2024;101.00;103.40;100.40;100.60;100.60;3891;188;393443;101.1161
26/08/2024;103.00;104.40;101.40;101.40;101.40;4757;222;488408;102.6714
23/08/2024;102.00;103.60;102.00;103.40;103.40;2035;154;209680;103.0367
22/08/2024;100.60;103.00;100.60;103.00;103.00;3064;144;312456;101.9765
21/08/2024;101.00;101.80;99.20;100.60;100.60;3273;252;329497;100.6713
20/08/2024;101.20;102.00;101.20;101.20;101.20;3542;162;359143;101.3957
19/08/2024;102.40;102.80;100.40;101.20;101.20;1448;142;147152;101.6246
16/08/2024;101.20;102.60;101.20;102.60;102.60;841;110;86097;102.3743
15/08/2024;101.80;102.80;101.80;102.00;102.00;931;118;95041;102.0849
14/08/2024;101.00;102.80;99.70;102.00;102.00;4940;202;502585;101.7378
13/08/2024;101.00;102.00;100.80;101.80;101.80;2202;157;223587;101.5383
12/08/2024;99.40;101.60;98.80;100.20;100.20;2922;150;292728;100.1808
'09/08/2024;99.30;101.80;98.60;99.00;99.00;4617;187;464520;100.6107
'08/08/2024;98.90;99.00;96.70;98.00;98.00;2245;117;219965;97.9801
'07/08/2024;97.00;98.30;94.30;97.50;97.50;4550;197;442144;97.1745
'06/08/2024;96.20;99.10;94.50;98.10;98.10;4817;257;468117;97.1802
'05/08/2024;99.80;99.80;93.00;96.20;96.20;9034;293;879078;97.3077
'02/08/2024;101.00;101.20;100.00;101.00;101.00;5955;287;600106;100.7734
'01/08/2024;98.60;102.00;98.40;101.80;101.80;4188;259;421498;100.6442
31/07/2024;97.30;100.20;96.30;99.90;99.90;5079;244;502308;98.8990
30/07/2024;95.50;96.90;95.50;96.60;96.60;2475;142;238397;96.3219
29/07/2024;95.30;98.50;95.30;95.50;95.50;3622;202;350580;96.7917
26/07/2024;94.10;96.60;94.10;96.10;96.10;1329;104;127316;95.7981
25/07/2024;96.00;96.00;91.30;94.20;94.20;6681;283;624063;93.4087
24/07/2024;96.60;97.50;95.80;96.30;96.30;3726;258;360354;96.7134
23/07/2024;97.00;98.00;96.50;96.70;96.70;2565;194;249055;97.0974
22/07/2024;94.30;97.90;94.30;97.60;97.60;8800;296;848281;96.3934
19/07/2024;94.80;94.80;92.80;94.60;94.60;2572;156;242252;94.1883
18/07/2024;93.00;94.80;93.00;94.30;94.30;1666;157;156744;94.0842
17/07/2024;92.50;93.60;91.90;93.60;93.60;3063;194;284784;92.9754
16/07/2024;90.50;92.50;90.00;92.10;92.10;2738;176;250586;91.5215
15/07/2024;89.60;90.70;89.50;90.50;90.50;1564;111;141045;90.1823
12/07/2024;91.30;91.30;89.50;89.80;89.80;1459;133;131410;90.0683
11/07/2024;89.60;91.30;88.10;91.30;91.30;7268;324;653249;89.8802
10/07/2024;89.40;90.90;89.20;89.60;89.60;3978;186;356924;89.7244
'09/07/2024;93.00;93.00;89.00;89.50;89.50;6904;286;622095;90.1064
'08/07/2024;90.00;92.40;89.30;91.90;91.90;6245;272;569803;91.2415
'05/07/2024;90.30;91.60;89.90;91.00;91.00;2556;156;232387;90.9184
'04/07/2024;88.20;91.10;88.20;90.30;90.30;10767;278;963673;89.5025
'03/07/2024;84.50;90.90;84.50;90.90;90.90;11195;425;986685;88.1362
'02/07/2024;86.00;86.70;83.50;83.50;83.50;12930;342;1094761;84.6683
'01/07/2024;85.00;87.10;84.70;84.90;84.90;5746;307;492995;85.7979
28/06/2024;83.00;86.40;82.00;82.70;82.70;5938;303;496489;83.6121
27/06/2024;83.70;83.70;82.50;82.80;82.80;2737;109;226779;82.8569
26/06/2024;85.00;85.50;82.40;83.70;83.70;4241;326;354845;83.6701
25/06/2024;87.90;87.90;85.00;85.00;85.00;4374;204;374237;85.5595
24/06/2024;88.00;89.80;87.60;87.90;87.90;5046;259;445916;88.3701
21/06/2024;86.90;89.00;86.50;89.00;89.00;92114;400;8195090;88.9668
20/06/2024;87.00;87.80;85.90;86.90;86.90;4429;222;385099;86.9494
19/06/2024;86.50;87.00;85.00;85.60;85.60;4289;199;368537;85.9134
18/06/2024;86.00;86.50;85.20;85.90;85.90;3209;260;275753;85.9312
17/06/2024;84.00;86.60;83.00;85.20;85.20;9644;367;822650;85.3017
14/06/2024;88.60;90.00;83.50;84.60;84.60;13171;490;1123386;85.3062
13/06/2024;89.40;89.40;88.00;88.00;88.00;7055;354;624554;88.5264
12/06/2024;91.00;92.60;87.50;88.70;88.70;17156;598;1546495;90.1431
11/06/2024;99.00;99.40;91.70;91.70;91.70;14931;534;1414710;94.7499
10/06/2024;108.00;109.00;106.00;107.20;107.20;8462;458;909073;107.4300
'07/06/2024;110.00;110.40;108.20;108.80;108.80;4366;215;475897;109.0006
'06/06/2024;110.00;111.60;109.20;109.20;109.20;5612;306;618186;110.1544
'05/06/2024;111.80;111.80;108.80;109.00;109.00;5498;259;601825;109.4626
'04/06/2024;109.60;111.80;109.60;110.80;110.80;7652;355;847893;110.8068
'03/06/2024;107.00;110.80;107.00;109.80;109.80;7126;390;778344;109.2259
31/05/2024;108.60;111.20;107.00;107.00;107.00;28142;562;3029320;107.6441
30/05/2024;105.80;109.00;105.80;108.60;108.60;4421;249;474683;107.3700
29/05/2024;108.20;108.20;104.80;105.80;105.80;13017;524;1385359;106.4269
28/05/2024;107.60;109.00;106.00;108.80;108.80;6763;397;730282;107.9820
27/05/2024;104.00;107.80;104.00;107.60;107.60;8942;561;952086;106.4735
24/05/2024;103.00;105.20;102.40;104.20;104.20;4883;238;508249;104.0853
23/05/2024;103.80;105.00;102.20;103.00;103.00;6154;297;639677;103.9450
22/05/2024;102.40;104.60;101.60;103.80;103.80;4838;295;500002;103.3489
21/05/2024;101.00;103.20;101.00;102.40;102.40;5995;226;613383;102.3158
20/05/2024;100.80;103.20;100.40;101.80;101.80;4286;310;438603;102.3339
17/05/2024;101.00;101.40;99.50;99.50;99.50;3793;216;379972;100.1772
16/05/2024;103.00;103.20;99.60;101.60;101.60;5962;291;605323;101.5302
15/05/2024;100.00;103.40;99.30;103.40;103.40;7695;381;780589;101.4411
14/05/2024;98.80;100.60;98.00;99.90;99.90;4217;243;419896;99.5722
13/05/2024;96.20;98.50;96.10;98.50;98.50;4085;234;398949;97.6620
10/05/2024;97.10;98.70;96.50;96.80;96.80;4179;220;407185;97.4361
'09/05/2024;98.00;98.30;96.50;97.70;97.70;4116;223;400935;97.4089
'08/05/2024;98.80;98.80;96.00;98.20;98.20;7267;329;708444;97.4878
'07/05/2024;94.70;98.10;94.70;98.10;98.10;4987;307;484235;97.0995
'06/05/2024;94.30;95.10;93.70;94.70;94.70;4044;242;381959;94.4509
'03/05/2024;88.70;94.60;88.50;94.60;94.60;13734;665;1268940;92.3941
'02/05/2024;81.60;89.70;81.50;89.70;89.70;26174;745;2201228;84.0998
30/04/2024;81.00;81.80;80.20;81.10;81.10;4284;248;345993;80.7641
29/04/2024;79.90;81.90;79.90;81.90;81.90;6006;222;486415;80.9882
26/04/2024;78.60;80.00;78.60;79.70;79.70;2916;154;232039;79.5743
25/04/2024;78.60;79.90;78.20;78.70;78.70;3703;227;292590;79.0144
24/04/2024;77.60;79.60;77.60;78.60;78.60;3354;161;263922;78.6888
23/04/2024;76.00;79.30;76.00;79.00;79.00;4200;169;329655;78.4892
22/04/2024;76.50;77.50;76.40;77.30;77.30;2421;146;186804;77.1599
19/04/2024;76.90;76.90;75.20;76.30;76.30;3242;202;245787;75.8133
18/04/2024;75.50;76.70;75.50;76.70;76.70;2109;118;161475;76.5646
17/04/2024;76.00;76.70;75.60;75.80;75.80;1688;108;128330;76.0246
16/04/2024;76.90;76.90;75.60;75.80;75.80;2597;155;197350;75.9914
15/04/2024;77.50;77.50;76.30;76.90;76.90;3488;188;268781;77.0588
12/04/2024;76.30;77.70;76.30;77.50;77.50;3234;173;250009;77.3065
11/04/2024;74.00;76.50;73.20;76.20;76.20;13074;630;981782;75.0942
10/04/2024;76.70;78.10;75.20;75.50;75.50;8127;263;621533;76.4776
'09/04/2024;75.50;77.40;75.00;76.70;76.70;3072;162;234691;76.3969
'08/04/2024;75.80;76.00;75.00;76.00;76.00;3983;180;300985;75.5674
'05/04/2024;76.00;76.00;74.70;75.10;75.10;2787;142;209201;75.0632
'04/04/2024;76.20;76.80;75.60;76.00;76.00;3137;133;239114;76.2237
'03/04/2024;76.20;76.60;75.70;76.00;76.00;3152;152;239941;76.1233
'02/04/2024;78.00;78.30;76.40;76.80;76.80;5978;235;462694;77.3994
28/03/2024;76.50;79.10;75.70;78.40;78.40;4458;195;348295;78.1281
27/03/2024;75.00;76.20;74.20;76.20;76.20;3523;198;265483;75.3572
26/03/2024;75.00;76.20;74.90;75.10;75.10;7936;222;597878;75.3375
25/03/2024;76.00;76.00;73.40;75.40;75.40;4601;203;345061;74.9970
22/03/2024;75.90;76.70;75.50;75.50;75.50;2985;193;226285;75.8073
21/03/2024;74.00;75.90;73.90;75.70;75.70;6469;247;485229;75.0084
20/03/2024;72.30;73.40;71.60;73.40;73.40;4616;224;334840;72.5390
19/03/2024;71.60;71.70;70.70;71.50;71.50;2980;157;212595;71.3405
18/03/2024;69.80;72.00;69.80;71.70;71.70;6609;219;467889;70.7957
15/03/2024;69.40;70.10;69.00;69.90;69.90;10414;173;726976;69.8076
14/03/2024;70.10;70.40;69.10;69.40;69.40;4552;225;317497;69.7489
13/03/2024;70.70;70.80;70.00;70.10;70.10;2710;139;190441;70.2736
12/03/2024;71.50;71.80;70.70;70.70;70.70;7586;291;540053;71.1907
11/03/2024;71.20;72.40;71.00;71.50;71.50;6645;289;477576;71.8700
'08/03/2024;69.50;71.40;69.50;71.20;71.20;9654;350;680516;70.4905
'07/03/2024;69.00;69.50;68.00;69.10;69.10;12573;416;867559;69.0018
'06/03/2024;68.20;70.00;68.20;68.20;68.20;6544;343;451117;68.9360
'05/03/2024;68.50;69.10;67.50;68.30;68.30;6382;265;437191;68.5038
'04/03/2024;68.50;69.00;67.50;67.90;67.90;10391;495;708727;68.2059
'01/03/2024;68.80;69.30;66.80;66.80;66.80;12420;612;840426;67.6671
29/02/2024;70.60;71.00;67.50;67.50;67.50;16070;634;1105116;68.7689
28/02/2024;74.60;74.60;70.00;70.50;70.50;21820;783;1558285;71.4155
27/02/2024;75.00;75.80;73.40;75.00;75.00;4228;202;315865;74.7079
26/02/2024;74.90;75.60;73.40;74.40;74.40;3614;242;268486;74.2905
23/02/2024;76.00;76.00;75.00;75.10;75.10;5821;229;438633;75.3535
22/02/2024;75.20;76.70;75.00;75.40;75.40;4100;186;310285;75.6793
21/02/2024;74.90;75.20;74.70;75.00;75.00;2583;113;193522;74.9214
20/02/2024;76.20;76.40;74.90;75.10;75.10;6808;222;515393;75.7041
19/02/2024;76.00;77.80;76.00;76.20;76.20;2843;122;217489;76.4999
16/02/2024;75.50;77.20;75.50;76.90;76.90;3850;181;295043;76.6345
15/02/2024;75.20;76.50;74.50;75.70;75.70;4220;216;317823;75.3135
14/02/2024;75.90;76.40;75.20;75.20;75.20;1634;103;123569;75.6235
13/02/2024;76.60;77.10;75.50;76.10;76.10;3365;173;256389;76.1929
12/02/2024;76.40;78.00;76.40;77.10;77.10;2567;104;197572;76.9662
'09/02/2024;77.60;77.60;76.30;76.70;76.70;1794;142;137772;76.7961
'08/02/2024;77.00;78.20;77.00;77.50;77.50;3076;124;238819;77.6395
'07/02/2024;78.40;79.00;76.80;77.30;77.30;3629;155;282611;77.8756
'06/02/2024;80.00;80.00;79.00;79.00;79.00;5320;150;422577;79.4317
'05/02/2024;80.20;80.70;79.60;79.60;79.60;4002;174;320696;80.1340
'02/02/2024;80.20;81.40;79.70;79.70;79.70;2971;95;239269;80.5349
'01/02/2024;81.00;81.00;79.50;79.60;79.60;3159;144;252390;79.8955
31/01/2024;80.00;81.10;79.80;81.00;81.00;3345;148;270161;80.7655
30/01/2024;80.40;80.90;79.80;80.40;80.40;2029;136;162878;80.2751
29/01/2024;81.40;81.40;80.00;80.60;80.60;2718;104;219566;80.7821
26/01/2024;80.00;81.10;80.00;80.60;80.60;3176;181;255748;80.5252
25/01/2024;81.10;81.10;79.60;80.40;80.40;3012;165;242281;80.4386
24/01/2024;81.10;82.10;81.10;81.40;81.40;2323;134;189214;81.4522
23/01/2024;81.80;82.30;80.70;81.10;81.10;3383;186;275149;81.3329
22/01/2024;81.60;83.00;81.40;81.50;81.50;3441;208;281636;81.8472
19/01/2024;81.70;82.60;81.30;81.80;81.80;2369;152;193937;81.8647
18/01/2024;83.60;83.80;81.70;82.00;82.00;2742;158;226938;82.7637
17/01/2024;82.90;83.90;81.00;83.80;83.80;4724;236;390880;82.7433
16/01/2024;84.40;84.40;81.80;82.90;82.90;2967;149;245735;82.8228
15/01/2024;84.30;84.70;83.40;84.10;84.10;2732;157;229761;84.0999
12/01/2024;83.80;84.70;81.90;84.30;84.30;8597;382;720761;83.8387
11/01/2024;84.40;84.70;83.40;83.80;83.80;5405;191;456341;84.4295
10/01/2024;81.60;84.30;81.20;84.00;84.00;4975;261;415241;83.4655
'09/01/2024;83.00;83.40;81.20;81.60;81.60;4890;231;402577;82.3266
'08/01/2024;83.00;83.70;80.80;83.00;83.00;7050;282;577260;81.8808
'05/01/2024;82.30;82.30;80.80;82.00;82.00;3422;168;279160;81.5781
'04/01/2024;81.60;82.80;81.40;81.90;81.90;4288;223;352301;82.1598
'03/01/2024;82.50;82.60;80.80;81.20;81.20;6240;289;507149;81.2738
'02/01/2024;79.10;81.90;79.10;81.90;81.90;7518;256;605079;80.4840
29/12/2023;79.50;80.80;79.50;80.00;80.00;2423;123;193660;79.9259
28/12/2023;80.70;80.70;79.20;80.20;80.20;4444;202;355054;79.8952
27/12/2023;77.60;80.90;77.20;80.30;80.30;14529;532;1156046;79.5682
22/12/2023;75.10;76.60;75.00;76.40;76.40;6557;262;498503;76.0260
21/12/2023;75.20;75.30;74.10;74.90;74.90;3665;188;274074;74.7813
20/12/2023;74.30;76.50;74.30;75.60;75.60;3696;180;278521;75.3575
19/12/2023;73.70;74.30;72.90;74.30;74.30;10236;459;752443;73.5094
18/12/2023;73.80;75.40;73.30;74.10;74.10;4562;157;338017;74.0940
15/12/2023;74.60;76.30;73.20;74.10;74.10;11629;365;867306;74.5813
14/12/2023;70.70;77.10;70.20;74.90;74.90;15682;480;1168472;74.5104
13/12/2023;69.70;70.50;69.60;70.40;70.40;9462;159;663490;70.1216
12/12/2023;70.80;71.50;70.00;70.00;70.00;9156;280;643077;70.2356
11/12/2023;69.70;71.40;69.70;71.40;71.40;9012;326;634020;70.3529
'08/12/2023;70.30;71.60;70.10;70.70;70.70;7825;314;554610;70.8767
'07/12/2023;71.40;71.50;69.80;70.70;70.70;5865;249;413782;70.5510
'06/12/2023;70.40;72.00;70.40;72.00;72.00;6421;307;456709;71.1273
'05/12/2023;69.40;71.00;69.40;70.50;70.50;12070;369;851838;70.5748
'04/12/2023;70.40;71.30;69.50;69.90;69.90;7794;384;547523;70.2493
'01/12/2023;68.70;70.10;67.80;70.00;70.00;12173;443;840200;69.0216
30/11/2023;69.90;70.40;68.60;68.60;68.60;14343;346;990808;69.0796
29/11/2023;69.80;71.50;69.80;70.10;70.10;5827;240;410585;70.4625
28/11/2023;70.60;71.20;69.50;69.90;69.90;6108;225;428211;70.1066
27/11/2023;70.20;71.20;70.20;71.00;71.00;5595;208;396023;70.7816
24/11/2023;70.00;71.20;70.00;70.60;70.60;4466;221;315637;70.6755
23/11/2023;69.70;70.60;69.60;70.20;70.20;4910;208;343927;70.0463
22/11/2023;69.80;70.90;69.60;70.20;70.20;3735;246;262765;70.3520
21/11/2023;71.10;72.00;69.80;69.80;69.80;3889;185;274027;70.4620
20/11/2023;70.50;71.90;70.30;71.40;71.40;6925;295;492071;71.0572
17/11/2023;69.80;71.00;69.00;70.40;70.40;3721;178;260996;70.1413
16/11/2023;71.80;71.90;69.60;69.60;69.60;23018;215;1613836;70.1119
15/11/2023;72.90;73.60;71.40;71.40;71.40;6582;243;476736;72.4303
14/11/2023;69.40;73.80;69.40;73.10;73.10;14043;562;1010545;71.9607
13/11/2023;69.70;71.50;69.70;70.10;70.10;4916;212;345833;70.3484
10/11/2023;71.00;71.40;70.00;71.00;71.00;3877;162;274375;70.7700
'09/11/2023;69.80;71.80;69.40;70.80;70.80;5093;208;360440;70.7716
'08/11/2023;71.90;73.00;69.50;69.70;69.70;7906;325;559245;70.7368
'07/11/2023;73.10;74.90;71.40;71.60;71.60;8167;294;594376;72.7778
'06/11/2023;76.70;76.70;74.20;74.30;74.30;5594;223;421186;75.2924
'03/11/2023;73.60;78.10;73.60;76.30;76.30;6341;341;484073;76.3402
'02/11/2023;70.10;73.90;70.10;73.90;73.90;4910;298;355003;72.3021
'01/11/2023;67.50;69.90;67.50;69.80;69.80;4620;234;318708;68.9844
31/10/2023;68.60;68.60;67.00;67.20;67.20;5455;236;369344;67.7075
30/10/2023;68.90;69.40;68.20;68.60;68.60;2799;202;192262;68.6896
27/10/2023;68.00;68.90;68.00;68.60;68.60;3854;142;263690;68.4199
26/10/2023;69.00;69.10;67.50;68.50;68.50;5635;196;386314;68.5561
25/10/2023;71.30;71.30;67.10;68.70;68.70;7276;277;497332;68.3523
24/10/2023;71.50;71.90;70.90;71.10;71.10;3407;149;243165;71.3722
23/10/2023;72.70;73.00;70.70;71.00;71.00;4991;239;356401;71.4087
20/10/2023;72.20;73.40;71.50;72.70;72.70;4711;221;340997;72.3831
19/10/2023;72.50;73.40;71.70;72.70;72.70;3134;198;227284;72.5220
18/10/2023;73.50;74.00;72.60;72.80;72.80;2440;191;178765;73.2643
17/10/2023;71.80;74.40;71.80;74.10;74.10;3944;215;287538;72.9052
16/10/2023;72.60;73.20;71.50;72.00;72.00;7903;284;571498;72.3141
13/10/2023;78.20;78.20;73.20;73.20;73.20;4823;297;363347;75.3363
12/10/2023;78.30;80.00;78.30;78.70;78.70;2736;140;216442;79.1089
11/10/2023;79.60;79.90;78.40;79.40;79.40;3425;198;270890;79.0918
10/10/2023;80.10;81.20;80.10;80.30;80.30;1731;117;139250;80.4451
'09/10/2023;80.40;80.50;78.80;79.80;79.80;4934;214;393005;79.6524
'06/10/2023;79.30;80.90;78.30;80.80;80.80;5307;300;423002;79.7064
'05/10/2023;82.30;83.30;79.40;79.50;79.50;8588;349;694893;80.9144
'04/10/2023;84.00;84.60;82.40;82.80;82.80;3492;249;291557;83.4929
'03/10/2023;85.80;86.10;84.30;84.60;84.60;5959;262;507440;85.1553
'02/10/2023;86.80;87.90;85.30;86.30;86.30;3806;225;329986;86.7016
29/09/2023;84.00;87.50;84.00;86.90;86.90;7191;303;616445;85.7244
28/09/2023;85.50;85.50;84.10;84.10;84.10;3528;234;298628;84.6451
27/09/2023;87.40;87.60;85.50;85.50;85.50;4775;318;411230;86.1215
26/09/2023;87.40;87.70;86.00;87.70;87.70;2805;209;244145;87.0394
25/09/2023;89.50;89.50;86.80;87.80;87.80;3934;222;345288;87.7702
22/09/2023;91.80;91.80;88.80;89.70;89.70;3345;187;301086;90.0109
21/09/2023;92.70;92.90;91.10;92.00;92.00;2854;214;261964;91.7884
20/09/2023;91.80;93.10;91.70;92.70;92.70;2413;150;223145;92.4763
19/09/2023;92.60;93.10;91.10;92.00;92.00;4951;241;455006;91.9018
18/09/2023;93.80;93.80;92.00;92.70;92.70;2076;135;192550;92.7502
15/09/2023;92.80;94.00;92.10;94.00;94.00;5155;177;482588;93.6155
14/09/2023;91.40;93.20;90.90;93.20;93.20;2168;161;200233;92.3584
13/09/2023;90.70;91.40;90.30;91.40;91.40;2686;181;244431;91.0017
12/09/2023;91.70;91.90;90.20;90.90;90.90;1418;137;129003;90.9752
11/09/2023;91.80;93.50;91.00;91.70;91.70;4739;289;436624;92.1342
'08/09/2023;91.00;93.00;90.80;91.80;91.80;3516;228;322165;91.6283
'07/09/2023;90.40;90.60;89.70;90.50;90.50;1304;106;117656;90.2270
'06/09/2023;89.50;90.80;89.00;90.40;90.40;3142;178;283132;90.1120
'05/09/2023;89.50;89.60;88.80;89.30;89.30;1523;98;135873;89.2141
'04/09/2023;89.90;89.90;88.70;89.50;89.50;2679;160;239177;89.2786
'01/09/2023;90.80;90.80;89.00;89.50;89.50;2989;159;267782;89.5892
31/08/2023;88.80;90.70;88.80;90.70;90.70;8107;218;732340;90.3342
30/08/2023;88.40;89.70;88.40;88.60;88.60;3332;196;296446;88.9694
29/08/2023;87.40;89.10;87.40;88.20;88.20;4646;208;410626;88.3827
28/08/2023;87.00;87.50;86.60;87.30;87.30;2895;143;252328;87.1598
25/08/2023;86.30;87.50;86.00;86.70;86.70;3652;145;317068;86.8204
24/08/2023;86.70;88.20;86.10;86.30;86.30;4741;204;412235;86.9510
23/08/2023;84.90;87.00;84.80;87.00;87.00;3455;159;297600;86.1361
22/08/2023;83.00;85.30;83.00;84.70;84.70;3936;140;332824;84.5590
21/08/2023;85.50;85.50;82.90;82.90;82.90;10928;296;924039;84.5570
18/08/2023;85.90;85.90;82.80;83.40;83.40;4762;286;399840;83.9647
17/08/2023;85.70;85.90;85.00;85.90;85.90;3786;203;324180;85.6259
16/08/2023;84.40;86.10;84.30;85.70;85.70;4406;222;376216;85.3872
15/08/2023;85.60;85.60;84.00;84.30;84.30;5094;265;430514;84.5139
14/08/2023;85.30;86.20;85.20;85.40;85.40;5138;252;439919;85.6207
11/08/2023;85.10;86.50;84.60;85.20;85.20;4764;262;407252;85.4853
10/08/2023;82.00;86.00;82.00;85.10;85.10;6298;225;532925;84.6181
'09/08/2023;82.90;83.50;81.70;82.30;82.30;4083;241;337174;82.5800
'08/08/2023;82.70;83.40;82.10;82.90;82.90;4851;204;401637;82.7947
'07/08/2023;82.00;82.70;81.50;82.70;82.70;8647;281;710470;82.1637
'04/08/2023;83.00;83.10;81.30;82.60;82.60;7510;281;617878;82.2741
'03/08/2023;82.40;83.30;81.50;82.80;82.80;9292;380;767441;82.5916
'02/08/2023;79.70;82.30;79.00;82.30;82.30;12461;490;1004849;80.6395
'01/08/2023;84.00;84.20;78.90;80.70;80.70;32350;1065;2614732;80.8263
31/07/2023;100.00;100.00;84.30;85.00;85.00;25468;1235;2328069;91.4115
28/07/2023;101.00;105.00;100.00;100.20;100.20;12056;502;1225518;101.6521
27/07/2023;106.00;106.80;104.40;104.40;104.40;3584;209;376838;105.1444
26/07/2023;102.20;106.00;102.20;106.00;106.00;5557;233;579928;104.3598
25/07/2023;103.00;103.60;101.80;103.20;103.20;3558;188;366379;102.9734
24/07/2023;101.60;103.20;101.60;102.60;102.60;4052;214;416270;102.7319
21/07/2023;102.80;103.00;101.60;102.20;102.20;2499;134;255913;102.4063
20/07/2023;103.40;103.80;102.20;103.20;103.20;3166;190;326571;103.1494
19/07/2023;102.00;103.80;102.00;103.60;103.60;3956;171;407781;103.0791
18/07/2023;102.40;102.40;101.20;101.20;101.20;2158;140;219544;101.7348
17/07/2023;102.80;103.60;101.40;103.00;103.00;2847;140;291956;102.5487
14/07/2023;104.00;104.00;102.40;102.80;102.80;2207;96;227341;103.0092
13/07/2023;105.00;105.40;103.40;103.40;103.40;1811;122;188015;103.8183
12/07/2023;103.20;106.00;103.20;105.40;105.40;3675;281;385664;104.9425
11/07/2023;102.00;103.20;101.40;103.20;103.20;4962;259;507853;102.3484
10/07/2023;102.40;102.40;101.40;101.40;101.40;1630;113;166055;101.8741
'07/07/2023;102.00;102.60;101.60;102.60;102.60;2496;128;255240;102.2595
'06/07/2023;104.00;104.00;102.00;102.80;102.80;3182;208;327280;102.8534
'05/07/2023;103.40;104.40;102.40;104.40;104.40;3622;208;375809;103.7573
'04/07/2023;102.40;104.20;102.40;103.80;103.80;6933;154;715582;103.2140
'03/07/2023;101.20;103.40;101.20;102.60;102.60;2621;185;269028;102.6432
30/06/2023;99.30;102.00;99.30;101.60;101.60;3636;194;368627;101.3826
29/06/2023;100.00;100.40;99.30;99.90;99.90;1799;137;179715;99.8973
28/06/2023;98.90;101.00;98.90;100.40;100.40;4913;198;489329;99.5988
27/06/2023;101.60;101.60;98.60;98.80;98.80;5260;213;522055;99.2499
26/06/2023;101.20;101.20;100.00;100.60;100.60;4188;216;420984;100.5216
23/06/2023;103.00;103.00;101.00;101.00;101.00;5404;245;548052;101.4160
22/06/2023;102.60;103.60;101.40;102.20;102.20;4023;216;412714;102.5887
21/06/2023;104.60;104.60;102.40;102.60;102.60;3966;276;410160;103.4190
20/06/2023;103.40;104.80;103.00;104.60;104.60;4114;181;428780;104.2246
19/06/2023;104.60;106.00;103.20;103.60;103.60;3850;170;402601;104.5717
16/06/2023;103.00;105.00;102.80;104.80;104.80;8375;271;874097;104.3697
15/06/2023;104.00;104.00;102.40;103.00;103.00;2896;212;298975;103.2371
14/06/2023;103.60;105.00;102.40;103.00;103.00;5398;257;559479;103.6457
13/06/2023;107.00;107.00;101.00;102.60;102.60;7673;480;789560;102.9011
12/06/2023;112.00;112.00;106.00;106.20;106.20;8958;500;966322;107.8725
'09/06/2023;120.00;121.00;119.20;120.40;120.40;8947;327;1073718;120.0087
'08/06/2023;119.60;120.00;119.00;119.80;119.80;4906;203;587244;119.6991
'07/06/2023;119.80;120.00;118.60;118.80;118.80;4172;252;496916;119.1073
'06/06/2023;118.80;119.80;118.00;119.80;119.80;2861;217;340717;119.0901
'05/06/2023;120.00;120.00;118.80;119.00;119.00;3382;192;403639;119.3493
'02/06/2023;118.40;119.00;118.00;119.00;119.00;7176;374;853684;118.9637
'01/06/2023;118.00;118.60;117.00;118.00;118.00;2948;226;347914;118.0168
31/05/2023;116.00;118.00;115.40;118.00;118.00;4827;192;566932;117.4502
30/05/2023;118.00;118.80;116.40;116.40;116.40;3152;161;370293;117.4787
29/05/2023;117.20;118.00;117.00;118.00;118.00;1101;94;129570;117.6843
26/05/2023;118.00;118.00;115.00;117.00;117.00;2215;147;257931;116.4473
25/05/2023;117.60;117.60;115.60;116.20;116.20;3089;157;358814;116.1588
24/05/2023;117.60;117.60;115.00;116.20;116.20;1771;131;205166;115.8474
23/05/2023;115.00;117.00;115.00;117.00;117.00;3156;183;366740;116.2039
22/05/2023;114.60;115.40;113.80;115.20;115.20;3842;223;440255;114.5901
19/05/2023;115.80;115.80;114.00;114.60;114.60;2258;171;259030;114.7165
18/05/2023;117.60;117.60;115.20;115.20;115.20;813;86;94150;115.8059
17/05/2023;118.40;118.40;116.00;117.20;117.20;3534;202;414467;117.2799
16/05/2023;118.00;119.00;117.60;118.80;118.80;3563;266;421754;118.3704
15/05/2023;116.40;118.00;116.20;118.00;118.00;8260;351;970066;117.4414
12/05/2023;118.00;118.40;116.00;116.40;116.40;3837;200;449707;117.2028
11/05/2023;118.00;119.40;117.60;118.80;118.80;3238;184;384405;118.7167
10/05/2023;115.20;118.00;115.20;117.80;117.80;10367;349;1212109;116.9199
'09/05/2023;118.60;118.60;116.40;116.60;116.60;3898;273;455877;116.9516
'08/05/2023;120.00;120.20;118.20;118.60;118.60;1319;93;156984;119.0174
'05/05/2023;119.00;120.20;117.60;120.00;120.00;4789;257;572172;119.4763
'04/05/2023;118.20;118.40;117.20;117.80;117.80;1497;120;176355;117.8059
'03/05/2023;118.20;118.20;117.00;117.80;117.80;2055;171;241846;117.6865
'02/05/2023;119.00;120.00;117.60;117.80;117.80;4554;261;539839;118.5417
28/04/2023;121.00;121.00;118.80;118.80;118.80;3864;195;461991;119.5629
27/04/2023;119.00;120.80;118.80;120.00;120.00;1520;111;182036;119.7604
26/04/2023;117.00;120.20;117.00;119.20;119.20;5929;202;702578;118.4986
25/04/2023;118.00;120.00;116.40;119.00;119.00;3730;215;439806;117.9103
24/04/2023;118.20;118.60;117.40;117.60;117.60;1712;124;201776;117.8596
21/04/2023;120.20;120.40;118.00;118.00;118.00;4719;257;560865;118.8525
20/04/2023;122.00;122.00;119.20;119.60;119.60;3427;174;411867;120.1830
19/04/2023;121.60;122.00;119.60;122.00;122.00;1778;135;215777;121.3595
18/04/2023;120.60;121.60;120.00;121.20;121.20;1281;120;154943;120.9549
17/04/2023;119.00;120.80;118.60;120.60;120.60;3144;195;377014;119.9153
14/04/2023;117.80;119.40;117.80;118.60;118.60;2648;168;314066;118.6050
13/04/2023;117.00;118.40;116.80;117.80;117.80;2358;150;277385;117.6356
12/04/2023;118.40;118.60;116.80;117.00;117.00;2490;167;292254;117.3709
11/04/2023;115.00;118.60;115.00;118.20;118.20;5524;257;649574;117.5912
'06/04/2023;113.00;115.60;112.60;115.00;115.00;2989;155;341504;114.2537
'05/04/2023;114.40;114.60;113.40;113.80;113.80;1730;129;197082;113.9200
'04/04/2023;114.80;116.40;114.40;114.40;114.40;2681;158;308961;115.2410
'03/04/2023;115.40;116.00;114.40;114.80;114.80;5218;183;600905;115.1601
31/03/2023;114.60;115.00;112.60;113.40;113.40;3831;148;433942;113.2713
30/03/2023;112.00;114.20;112.00;113.60;113.60;3250;168;368624;113.4228
29/03/2023;110.00;111.80;108.40;110.60;110.60;4093;245;451445;110.2969
28/03/2023;111.20;111.20;107.80;108.80;108.80;5293;270;579286;109.4438
27/03/2023;112.00;112.00;108.60;109.60;109.60;3367;188;369658;109.7885
24/03/2023;112.20;112.20;109.20;110.00;110.00;7724;348;849688;110.0062
23/03/2023;112.40;112.60;111.40;111.60;111.60;3275;214;366447;111.8922
22/03/2023;117.00;117.00;112.40;112.40;112.40;4900;258;559262;114.1350
21/03/2023;116.40;117.80;116.40;116.60;116.60;1980;119;231758;117.0496
20/03/2023;116.60;117.40;114.20;116.40;116.40;5136;225;595459;115.9382
17/03/2023;119.80;120.00;115.40;116.60;116.60;7275;260;853251;117.2854
16/03/2023;120.00;120.40;117.00;118.40;118.40;4229;207;499216;118.0458
15/03/2023;120.80;120.80;117.80;119.20;119.20;5704;282;678976;119.0351
14/03/2023;120.00;122.40;119.40;120.80;120.80;3222;207;390444;121.1806
13/03/2023;121.00;121.20;118.80;119.40;119.40;6866;360;824265;120.0503
10/03/2023;123.00;123.00;121.20;121.60;121.60;4180;287;509902;121.9862
'09/03/2023;124.20;124.40;123.00;123.40;123.40;4911;251;606497;123.4977
'08/03/2023;125.00;125.60;124.20;124.20;124.20;5303;250;661571;124.7540
'07/03/2023;126.80;127.20;125.00;125.00;125.00;3585;222;451209;125.8601
'06/03/2023;126.40;127.40;125.60;127.20;127.20;3058;173;386938;126.5331
'03/03/2023;125.00;126.60;124.40;125.60;125.60;2745;151;344287;125.4235
'02/03/2023;124.80;126.40;124.20;124.40;124.40;2907;163;363203;124.9409
'01/03/2023;128.00;128.00;124.20;125.40;125.40;6894;416;864677;125.4246
28/02/2023;128.00;128.40;126.40;127.40;127.40;3150;150;400792;127.2356
27/02/2023;126.20;128.20;125.80;128.00;128.00;5617;213;713883;127.0934
24/02/2023;127.80;128.00;125.80;126.00;126.00;3114;183;394827;126.7911
23/02/2023;125.60;127.60;125.60;127.20;127.20;2454;137;311324;126.8638
22/02/2023;127.60;127.60;125.80;126.40;126.40;3403;178;429993;126.3571
21/02/2023;127.00;128.80;126.60;127.60;127.60;3205;151;409378;127.7309
20/02/2023;128.80;128.80;127.00;127.20;127.20;2210;130;282317;127.7452
17/02/2023;127.00;128.20;127.00;127.60;127.60;1240;88;158143;127.5347
16/02/2023;127.00;128.20;126.80;127.40;127.40;1415;129;180268;127.3979
15/02/2023;127.00;128.40;127.00;127.60;127.60;1037;106;132302;127.5813
14/02/2023;128.00;128.60;127.00;127.20;127.20;1515;106;193661;127.8293
13/02/2023;127.80;128.80;127.40;127.40;127.40;1611;125;205806;127.7507
10/02/2023;128.60;128.80;127.00;127.60;127.60;2103;166;268656;127.7490
'09/02/2023;128.80;128.80;127.20;127.40;127.40;1034;87;131815;127.4810
'08/02/2023;126.40;129.00;126.40;126.40;126.40;2233;135;285037;127.6475
'07/02/2023;126.00;127.00;124.80;126.40;126.40;2448;166;309098;126.2654
'06/02/2023;127.00;127.00;124.40;126.00;126.00;4737;288;595186;125.6462
'03/02/2023;129.80;130.80;127.40;127.80;127.80;4216;197;543862;128.9994
'02/02/2023;126.00;130.40;126.00;130.40;130.40;5519;200;709168;128.4958
'01/02/2023;125.20;126.80;125.20;125.20;125.20;2094;133;262723;125.4646
31/01/2023;126.20;126.20;125.00;125.20;125.20;3568;246;447390;125.3895
30/01/2023;127.00;127.00;125.40;125.80;125.80;2908;161;366352;125.9807
27/01/2023;126.40;126.40;125.80;126.00;126.00;1243;114;156670;126.0422
26/01/2023;125.40;126.40;125.20;126.40;126.40;3515;181;442704;125.9470
25/01/2023;127.00;127.40;125.40;125.60;125.60;3965;234;499505;125.9785
24/01/2023;127.60;128.40;126.80;127.40;127.40;5858;177;746016;127.3500
23/01/2023;127.00;128.40;127.00;127.60;127.60;4039;192;514810;127.4597
20/01/2023;126.00;127.00;125.60;126.20;126.20;3203;168;404166;126.1835
