Date;BTC;Oil;DJI
2019-01-02;3943.409423828125;54.90999984741211;23346.240234375
2019-01-03;3836.7412109375;55.95000076293945;22686.220703125
2019-01-04;3857.717529296875;57.060001373291016;23433.16015625
2019-01-07;4025.248291015625;57.33000183105469;23531.349609375
2019-01-08;4030.847900390625;58.720001220703125;23787.44921875
2019-01-09;4035.29638671875;61.439998626708984;23879.119140625
2019-01-10;3678.924560546875;61.68000030517578;24001.919921875
2019-01-11;3687.365478515625;60.47999954223633;23995.94921875
2019-01-14;3706.05224609375;58.9900016784668;23909.83984375
2019-01-15;3630.67529296875;60.63999938964844;24065.58984375
2019-01-16;3655.0068359375;61.31999969482422;24207.16015625
2019-01-17;3678.56396484375;61.18000030517578;24370.099609375
2019-01-18;3657.83935546875;62.70000076293945;24706.349609375
2019-01-22;3604.5771484375;61.5;24404.48046875
2019-01-23;3585.123046875;61.13999938964844;24575.619140625
2019-01-24;3600.865478515625;61.09000015258789;24553.240234375
2019-01-25;3599.765869140625;61.63999938964844;24737.19921875
2019-01-28;3470.450439453125;59.93000030517578;24528.220703125
2019-01-29;3448.116943359375;61.31999969482422;24579.9609375
2019-01-30;3486.181640625;61.650001525878906;25014.859375
2019-01-31;3457.792724609375;61.88999938964844;24999.669921875
2019-02-01;3487.9453125;61.869998931884766;25063.890625
2019-02-04;3459.154052734375;62.5099983215332;25239.369140625
2019-02-05;3466.357421875;61.97999954223633;25411.51953125
2019-02-06;3413.767822265625;62.689998626708984;25390.30078125
2019-02-07;3399.4716796875;61.630001068115234;25169.529296875
2019-02-08;3666.7802734375;62.099998474121094;25106.330078125
2019-02-11;3648.4306640625;61.5099983215332;25053.109375
2019-02-12;3653.528564453125;62.41999816894531;25425.759765625
2019-02-13;3632.070556640625;63.61000061035156;25543.26953125
2019-02-14;3616.880859375;64.56999969482422;25439.390625
2019-02-15;3620.810791015625;66.25;25883.25
2019-02-19;3947.094482421875;66.44999694824219;25891.3203125
2019-02-20;3999.820556640625;67.08000183105469;25954.439453125
2019-02-21;3954.1181640625;67.06999969482422;25850.630859375
2019-02-22;4005.526611328125;67.12000274658203;26031.810546875
2019-02-25;3882.6962890625;64.76000213623047;26091.94921875
2019-02-26;3854.35791015625;65.20999908447266;26057.98046875
2019-02-27;3851.04736328125;66.38999938964844;25985.16015625
2019-02-28;3854.785400390625;66.02999877929688;25916.0
2019-03-01;3859.583740234375;65.06999969482422;26026.3203125
2019-03-04;3761.55712890625;65.66999816894531;25819.650390625
2019-03-05;3896.375;65.86000061035156;25806.630859375
2019-03-06;3903.942626953125;65.98999786376953;25673.4609375
2019-03-07;3911.484375;66.30000305175781;25473.23046875
2019-03-08;3901.131591796875;65.73999786376953;25450.240234375
2019-03-11;3905.227294921875;66.58000183105469;25650.880859375
2019-03-12;3909.15625;66.66999816894531;25554.66015625
2019-03-13;3906.71728515625;67.55000305175781;25702.890625
2019-03-14;3924.369140625;67.2300033569336;25709.939453125
2019-03-15;3960.9111328125;67.16000366210938;25848.869140625
2019-03-18;4032.50732421875;67.54000091552734;25914.099609375
2019-03-19;4071.190185546875;67.61000061035156;25887.380859375
2019-03-20;4087.476318359375;68.5;25745.669921875
2019-03-21;4029.326904296875;67.86000061035156;25962.509765625
2019-03-22;4023.96826171875;67.02999877929688;25502.3203125
2019-03-25;3963.070556640625;67.20999908447266;25516.830078125
2019-03-26;3985.080810546875;67.97000122070312;25657.73046875
2019-03-27;4087.066162109375;67.83000183105469;25625.58984375
2019-03-28;4069.107177734375;67.81999969482422;25717.4609375
2019-03-29;4098.37451171875;68.38999938964844;25928.6796875
2019-04-01;4158.18310546875;69.01000213623047;26258.419921875
2019-04-02;4879.8779296875;69.37000274658203;26179.130859375
2019-04-03;4973.02197265625;69.30999755859375;26218.130859375
2019-04-04;4922.798828125;69.4000015258789;26384.630859375
2019-04-05;5036.68115234375;70.33999633789062;26424.990234375
2019-04-08;5289.77099609375;71.0999984741211;26341.01953125
2019-04-09;5204.95849609375;70.61000061035156;26150.580078125
2019-04-10;5324.5517578125;71.7300033569336;26157.16015625
2019-04-11;5064.48779296875;70.83000183105469;26143.05078125
2019-04-12;5089.5390625;71.55000305175781;26412.30078125
2019-04-15;5067.1083984375;71.18000030517578;26384.76953125
2019-04-16;5235.5595703125;71.72000122070312;26452.66015625
2019-04-17;5251.93798828125;71.62000274658203;26449.5390625
2019-04-18;5298.3857421875;71.97000122070312;26559.5390625
2019-04-22;5399.365234375;74.04000091552734;26511.05078125
2019-04-23;5572.3623046875;74.51000213623047;26656.390625
2019-04-24;5464.86669921875;74.56999969482422;26597.05078125
2019-04-25;5210.515625;74.3499984741211;26462.080078125
2019-04-26;5279.34814453125;72.1500015258789;26543.330078125
2019-04-29;5247.3525390625;72.04000091552734;26554.390625
2019-04-30;5350.7265625;72.80000305175781;26592.91015625
2019-05-01;5402.697265625;72.18000030517578;26430.140625
2019-05-02;5505.28369140625;70.75;26307.7890625
2019-05-03;5768.28955078125;70.8499984741211;26504.94921875
2019-05-06;5746.80712890625;71.23999786376953;26438.48046875
2019-05-07;5829.50146484375;69.87999725341797;25965.08984375
2019-05-08;5982.45751953125;70.37000274658203;25967.330078125
2019-05-09;6174.52880859375;70.38999938964844;25828.359375
2019-05-10;6378.84912109375;70.62000274658203;25942.369140625
2019-05-13;7814.9150390625;70.2300033569336;25324.990234375
2019-05-14;7994.416015625;71.23999786376953;25532.05078125
2019-05-15;8205.16796875;71.7699966430664;25648.01953125
2019-05-16;7884.9091796875;72.62000274658203;25862.6796875
2019-05-17;7343.8955078125;72.20999908447266;25764.0
2019-05-20;7978.30908203125;71.97000122070312;25679.900390625
2019-05-21;7963.32763671875;72.18000030517578;25877.330078125
2019-05-22;7680.06640625;70.98999786376953;25776.609375
2019-05-23;7881.8466796875;67.76000213623047;25490.470703125
2019-05-24;7987.37158203125;68.69000244140625;25585.689453125
2019-05-28;8719.9619140625;70.11000061035156;25347.76953125
2019-05-29;8659.4873046875;69.44999694824219;25126.41015625
2019-05-30;8319.47265625;66.87000274658203;25169.880859375
2019-05-31;8574.501953125;64.48999786376953;24815.0390625
2019-06-03;8208.9951171875;61.279998779296875;24819.779296875
2019-06-04;7707.77099609375;61.970001220703125;25332.1796875
2019-06-05;7824.2314453125;60.630001068115234;25539.5703125
2019-06-06;7822.0234375;61.66999816894531;25720.66015625
2019-06-07;8043.951171875;63.290000915527344;25983.939453125
2019-06-10;8000.32958984375;62.290000915527344;26062.6796875
2019-06-11;7927.71435546875;62.290000915527344;26048.509765625
2019-06-12;8145.857421875;59.970001220703125;26004.830078125
2019-06-13;8230.923828125;61.310001373291016;26106.76953125
2019-06-14;8693.8330078125;62.0099983215332;26089.609375
2019-06-17;9320.3525390625;60.939998626708984;26112.529296875
2019-06-18;9081.7626953125;62.13999938964844;26465.5390625
2019-06-19;9273.521484375;61.81999969482422;26504.0
2019-06-20;9527.16015625;64.44999694824219;26753.169921875
2019-06-21;10144.556640625;65.19999694824219;26719.130859375
2019-06-24;11011.1025390625;64.86000061035156;26727.5390625
2019-06-25;11790.9169921875;65.05000305175781;26548.220703125
2019-06-26;13016.2314453125;66.48999786376953;26536.8203125
2019-06-27;11182.806640625;66.55000305175781;26526.580078125
2019-06-28;12407.33203125;66.55000305175781;26599.9609375
2019-07-01;10583.134765625;65.05999755859375;26717.4296875
2019-07-02;10801.677734375;62.400001525878906;26786.6796875
2019-07-03;11961.26953125;63.81999969482422;26966.0
2019-07-05;10978.4599609375;64.2300033569336;26922.119140625
2019-07-08;12285.9580078125;64.11000061035156;26806.140625
2019-07-09;12573.8125;64.16000366210938;26783.490234375
2019-07-10;12156.5126953125;67.01000213623047;26860.19921875
2019-07-11;11358.662109375;66.5199966430664;27088.080078125
2019-07-12;11815.986328125;66.72000122070312;27332.029296875
2019-07-15;10895.08984375;66.4800033569336;27359.16015625
2019-07-16;9477.6416015625;64.3499984741211;27335.630859375
2019-07-17;9693.802734375;63.65999984741211;27219.849609375
2019-07-18;10666.482421875;61.93000030517578;27222.970703125
2019-07-19;10530.732421875;62.470001220703125;27154.19921875
2019-07-22;10343.1064453125;63.2599983215332;27171.900390625
2019-07-23;9900.767578125;63.83000183105469;27349.189453125
2019-07-24;9811.92578125;63.18000030517578;27269.970703125
2019-07-25;9911.841796875;63.38999938964844;27140.98046875
2019-07-26;9870.3037109375;63.459999084472656;27192.44921875
2019-07-29;9519.1455078125;63.709999084472656;27221.349609375
2019-07-30;9607.423828125;64.72000122070312;27198.01953125
2019-07-31;10085.6279296875;65.16999816894531;26864.26953125
2019-08-01;10399.6689453125;60.5;26583.419921875
2019-08-02;10518.1748046875;61.88999938964844;26485.009765625
2019-08-05;11805.6533203125;59.810001373291016;25717.740234375
2019-08-06;11478.1689453125;58.939998626708984;26029.51953125
2019-08-07;11941.96875;56.22999954223633;26007.0703125
2019-08-08;11966.4072265625;57.380001068115234;26378.189453125
2019-08-09;11862.9365234375;58.529998779296875;26287.439453125
2019-08-12;11382.6162109375;58.56999969482422;25896.439453125
2019-08-13;10895.830078125;61.29999923706055;26279.91015625
2019-08-14;10051.7041015625;59.47999954223633;25479.419921875
2019-08-15;10311.5458984375;58.22999954223633;25579.390625
2019-08-16;10374.3388671875;58.63999938964844;25886.009765625
2019-08-19;10916.0537109375;59.7400016784668;26135.7890625
2019-08-20;10763.232421875;60.029998779296875;25962.439453125
2019-08-21;10138.0498046875;60.29999923706055;26202.73046875
2019-08-22;10131.0556640625;59.91999816894531;26252.240234375
2019-08-23;10407.96484375;59.34000015258789;25628.900390625
2019-08-26;10370.8203125;58.70000076293945;25898.830078125
2019-08-27;10185.5;59.5099983215332;25777.900390625
2019-08-28;9754.4228515625;60.4900016784668;26036.099609375
2019-08-29;9510.2001953125;61.08000183105469;26362.25
2019-08-30;9598.173828125;60.43000030517578;26403.279296875
2019-09-03;10623.5400390625;58.2599983215332;26118.01953125
2019-09-04;10594.4931640625;60.70000076293945;26355.470703125
2019-09-05;10575.533203125;60.95000076293945;26728.150390625
2019-09-06;10353.302734375;61.540000915527344;26797.4609375
2019-09-09;10334.974609375;62.59000015258789;26835.509765625
2019-09-10;10115.9755859375;62.380001068115234;26909.4296875
2019-09-11;10178.3720703125;60.810001373291016;27137.0390625
2019-09-12;10410.126953125;60.380001068115234;27182.44921875
2019-09-13;10360.546875;60.220001220703125;27219.51953125
2019-09-16;10276.7939453125;69.0199966430664;27076.8203125
2019-09-17;10241.2724609375;64.55000305175781;27110.80078125
2019-09-18;10198.248046875;63.599998474121094;27147.080078125
2019-09-19;10266.4150390625;64.4000015258789;27094.7890625
2019-09-20;10181.6416015625;64.27999877929688;26935.0703125
2019-09-23;9729.32421875;64.7699966430664;26949.990234375
2019-09-24;8620.56640625;63.099998474121094;26807.76953125
2019-09-25;8486.9931640625;62.38999938964844;26970.7109375
2019-09-26;8118.9677734375;62.7400016784668;26891.119140625
2019-09-27;8251.845703125;61.90999984741211;26820.25
2019-09-30;8293.8681640625;60.779998779296875;26916.830078125
2019-10-01;8343.2763671875;58.88999938964844;26573.0390625
2019-10-02;8393.0419921875;57.689998626708984;26078.619140625
2019-10-03;8259.9921875;57.709999084472656;26201.0390625
2019-10-04;8205.939453125;58.369998931884766;26573.720703125
2019-10-07;8245.623046875;58.349998474121094;26478.01953125
2019-10-08;8228.783203125;58.2400016784668;26164.0390625
2019-10-09;8595.740234375;58.31999969482422;26346.009765625
2019-10-10;8586.4736328125;59.099998474121094;26496.669921875
2019-10-11;8321.7568359375;60.5099983215332;26816.58984375
2019-10-14;8374.6865234375;59.349998474121094;26787.359375
2019-10-15;8205.369140625;58.7400016784668;27024.80078125
2019-10-16;8047.52685546875;59.41999816894531;27001.98046875
2019-10-17;8103.9111328125;59.90999984741211;27025.880859375
2019-10-18;7973.20751953125;59.41999816894531;26770.19921875
2019-10-21;8243.720703125;58.959999084472656;26827.640625
2019-10-22;8078.203125;59.70000076293945;26788.099609375
2019-10-23;7514.671875;61.16999816894531;26833.94921875
2019-10-24;7493.48876953125;61.66999816894531;26805.529296875
2019-10-25;8660.7001953125;62.02000045776367;26958.060546875
2019-10-28;9256.1484375;61.56999969482422;27090.720703125
2019-10-29;9427.6875;61.59000015258789;27071.4609375
2019-10-30;9205.7265625;60.61000061035156;27186.689453125
2019-10-31;9199.5849609375;60.22999954223633;27046.23046875
2019-11-01;9261.1044921875;61.689998626708984;27347.359375
2019-11-04;9412.6123046875;62.130001068115234;27462.109375
2019-11-05;9342.52734375;62.959999084472656;27492.630859375
2019-11-06;9360.8798828125;61.7400016784668;27492.560546875
2019-11-07;9267.5615234375;62.290000915527344;27674.80078125
2019-11-08;8804.880859375;62.5099983215332;27681.240234375
2019-11-11;8757.7880859375;62.18000030517578;27691.490234375
2019-11-12;8815.662109375;62.060001373291016;27691.490234375
2019-11-13;8808.2626953125;62.369998931884766;27783.58984375
2019-11-14;8708.0947265625;62.279998779296875;27781.9609375
2019-11-15;8491.9921875;63.29999923706055;28004.890625
2019-11-18;8309.2861328125;62.439998626708984;28036.220703125
2019-11-19;8206.1455078125;60.90999984741211;27934.01953125
2019-11-20;8027.26806640625;62.400001525878906;27821.08984375
2019-11-21;7642.75;63.970001220703125;27766.2890625
2019-11-22;7296.57763671875;63.38999938964844;27875.619140625
2019-11-25;7146.1337890625;63.650001525878906;28066.470703125
2019-11-26;7218.37109375;64.2699966430664;28121.6796875
2019-11-27;7531.66357421875;64.05999755859375;28164.0
2019-11-29;7761.24365234375;62.43000030517578;28051.41015625
2019-12-02;7321.98828125;60.91999816894531;27783.0390625
2019-12-03;7320.1455078125;60.81999969482422;27502.810546875
2019-12-04;7252.03466796875;63.0;27649.779296875
2019-12-05;7448.3076171875;63.38999938964844;27677.7890625
2019-12-06;7546.99658203125;64.38999938964844;28015.060546875
2019-12-09;7400.8994140625;64.25;27909.599609375
2019-12-10;7278.11962890625;64.33999633789062;27881.720703125
2019-12-11;7217.42724609375;63.720001220703125;27911.30078125
2019-12-12;7243.13427734375;64.19999694824219;28132.05078125
2019-12-13;7269.6845703125;65.22000122070312;28135.380859375
2019-12-16;6932.48046875;65.33999633789062;28235.890625
2019-12-17;6640.51513671875;66.0999984741211;28267.16015625
2019-12-18;7276.802734375;66.16999816894531;28239.279296875
2019-12-19;7202.84423828125;66.54000091552734;28376.9609375
2019-12-20;7218.81640625;66.13999938964844;28455.08984375
2019-12-23;7355.62841796875;66.38999938964844;28551.529296875
2019-12-24;7322.5322265625;67.19999694824219;28515.44921875
2019-12-26;7238.966796875;67.91999816894531;28621.390625
2019-12-27;7290.08837890625;68.16000366210938;28645.259765625
2019-12-30;7292.9951171875;68.44000244140625;28462.140625
2019-12-31;7193.59912109375;66.0;28538.439453125
2020-01-02;6985.47021484375;66.25;28868.80078125
2020-01-03;7344.88427734375;68.5999984741211;28634.880859375
2020-01-06;7769.21923828125;68.91000366210938;28703.380859375
2020-01-07;8163.6923828125;68.2699966430664;28583.6796875
2020-01-08;8079.86279296875;65.44000244140625;28745.08984375
2020-01-09;7879.0712890625;65.37000274658203;28956.900390625
2020-01-10;8166.55419921875;64.9800033569336;28823.76953125
2020-01-13;8144.1943359375;64.19999694824219;28907.05078125
2020-01-14;8827.7646484375;64.48999786376953;28939.669921875
2020-01-15;8807.0107421875;64.0;29030.220703125
2020-01-16;8723.7861328125;64.62000274658203;29297.640625
2020-01-17;8929.0380859375;64.8499984741211;29348.099609375
2020-01-21;8745.89453125;64.58999633789062;29196.0390625
2020-01-22;8680.8759765625;63.209999084472656;29186.26953125
2020-01-23;8406.515625;62.040000915527344;29160.08984375
2020-01-24;8445.4345703125;60.689998626708984;28989.73046875
2020-01-27;8909.8193359375;59.31999969482422;28535.80078125
2020-01-28;9358.58984375;59.5099983215332;28722.849609375
2020-01-29;9316.6298828125;59.810001373291016;28734.44921875
2020-01-30;9508.9931640625;58.290000915527344;28859.439453125
2020-01-31;9350.529296875;58.15999984741211;28256.029296875
2020-02-03;9293.521484375;54.45000076293945;28399.810546875
2020-02-04;9180.962890625;53.959999084472656;28807.630859375
2020-02-05;9613.423828125;55.279998779296875;29290.849609375
2020-02-06;9729.8017578125;54.93000030517578;29379.76953125
2020-02-07;9795.943359375;54.470001220703125;29102.509765625
2020-02-10;9856.611328125;53.27000045776367;29276.8203125
2020-02-11;10208.236328125;54.0099983215332;29276.33984375
2020-02-12;10326.0546875;55.790000915527344;29551.419921875
2020-02-13;10214.3798828125;56.34000015258789;29423.310546875
2020-02-14;10312.1162109375;57.31999969482422;29398.080078125
2020-02-18;10141.99609375;57.75;29232.189453125
2020-02-19;9633.38671875;59.119998931884766;29348.029296875
2020-02-20;9608.4755859375;59.310001373291016;29219.98046875
2020-02-21;9686.44140625;58.5;28992.41015625
2020-02-24;9650.1748046875;56.29999923706055;27960.80078125
2020-02-25;9341.705078125;54.95000076293945;27081.359375
2020-02-26;8820.5224609375;53.43000030517578;26957.58984375
2020-02-27;8784.494140625;52.18000030517578;25766.640625
2020-02-28;8672.455078125;50.52000045776367;25409.359375
2020-03-02;8869.669921875;51.900001525878906;26703.3203125
2020-03-03;8787.7861328125;51.86000061035156;25917.41015625
2020-03-04;8755.24609375;51.130001068115234;27090.859375
2020-03-05;9078.7626953125;49.9900016784668;26121.279296875
2020-03-06;9122.5458984375;45.27000045776367;25864.779296875
2020-03-09;7923.64453125;34.36000061035156;23851.01953125
2020-03-10;7909.7294921875;37.220001220703125;25018.16015625
2020-03-11;7911.43017578125;35.790000915527344;23553.220703125
2020-03-12;4970.7880859375;33.220001220703125;21200.619140625
2020-03-13;5563.70703125;33.849998474121094;23185.619140625
2020-03-16;5014.47998046875;30.049999237060547;20188.51953125
2020-03-17;5225.62939453125;28.729999542236328;21237.380859375
2020-03-18;5238.4384765625;24.8799991607666;19898.919921875
2020-03-19;6191.19287109375;28.469999313354492;20087.189453125
2020-03-20;6198.7783203125;26.979999542236328;19173.98046875
2020-03-23;6416.31494140625;27.030000686645508;18591.9296875
2020-03-24;6734.8037109375;27.149999618530273;20704.91015625
2020-03-25;6681.06298828125;27.389999389648438;21200.55078125
2020-03-26;6716.4404296875;26.34000015258789;22552.169921875
2020-03-27;6469.79833984375;24.93000030517578;21636.779296875
2020-03-30;6429.841796875;22.760000228881836;22327.48046875
2020-03-31;6438.64453125;22.739999771118164;21917.16015625
2020-04-01;6606.7763671875;24.739999771118164;20943.509765625
2020-04-02;6793.62451171875;29.940000534057617;21413.439453125
2020-04-03;6733.38720703125;34.11000061035156;21052.529296875
2020-04-06;7271.78125;33.04999923706055;22679.990234375
2020-04-07;7176.41455078125;31.8700008392334;22653.859375
2020-04-08;7334.0986328125;32.84000015258789;23433.5703125
2020-04-09;7302.08935546875;31.479999542236328;23719.369140625
2020-04-13;6845.03759765625;31.739999771118164;23390.76953125
2020-04-14;6842.427734375;29.600000381469727;23949.759765625
2020-04-15;6642.10986328125;27.690000534057617;23504.349609375
2020-04-16;7116.80419921875;27.81999969482422;23537.6796875
2020-04-17;7096.1845703125;28.079999923706055;24242.490234375
2020-04-20;6881.95849609375;25.56999969482422;23650.439453125
2020-04-21;6880.3232421875;19.329999923706055;23018.880859375
2020-04-22;7117.20751953125;20.3700008392334;23475.8203125
2020-04-23;7429.724609375;21.329999923706055;23515.259765625
2020-04-24;7550.90087890625;21.440000534057617;23775.26953125
2020-04-27;7795.60107421875;19.989999771118164;24133.779296875
2020-04-28;7807.05859375;20.459999084472656;24101.55078125
2020-04-29;8801.0380859375;22.540000915527344;24633.859375
2020-04-30;8658.5537109375;25.270000457763672;24345.720703125
2020-05-01;8864.7666015625;26.440000534057617;23723.689453125
2020-05-04;8912.654296875;27.200000762939453;23749.759765625
2020-05-05;9003.0703125;30.969999313354492;23883.08984375
2020-05-06;9268.76171875;29.719999313354492;23664.640625
2020-05-07;9951.5185546875;29.459999084472656;23875.890625
2020-05-08;9842.666015625;30.969999313354492;24331.3203125
2020-05-11;8601.7958984375;29.6299991607666;24221.990234375
2020-05-12;8804.4775390625;29.979999542236328;23764.779296875
2020-05-13;9269.9873046875;29.190000534057617;23247.970703125
2020-05-14;9733.7216796875;31.1299991607666;23625.33984375
2020-05-15;9328.197265625;32.5;23685.419921875
2020-05-18;9726.5751953125;34.810001373291016;24597.369140625
2020-05-19;9729.0380859375;34.650001525878906;24206.859375
2020-05-20;9522.9814453125;35.75;24575.900390625
2020-05-21;9081.76171875;36.060001373291016;24474.119140625
2020-05-22;9182.5771484375;35.130001068115234;24465.16015625
2020-05-26;8835.052734375;36.16999816894531;24995.109375
2020-05-27;9181.017578125;34.7400016784668;25548.26953125
2020-05-28;9525.7509765625;35.290000915527344;25400.640625
2020-05-29;9439.1240234375;35.33000183105469;25383.109375
2020-06-01;10167.2685546875;38.31999969482422;25475.01953125
2020-06-02;9529.8037109375;39.56999969482422;25742.650390625
2020-06-03;9656.7177734375;39.790000915527344;26269.890625
2020-06-04;9800.63671875;39.9900016784668;26281.8203125
2020-06-05;9665.533203125;42.29999923706055;27110.98046875
2020-06-08;9771.4892578125;40.79999923706055;27572.439453125
2020-06-09;9795.7001953125;41.18000030517578;27272.30078125
2020-06-10;9870.0947265625;41.72999954223633;26989.990234375
2020-06-11;9321.78125;38.54999923706055;25128.169921875
2020-06-12;9480.84375;38.72999954223633;25605.5390625
2020-06-15;9450.7021484375;39.720001220703125;25763.16015625
2020-06-16;9538.0244140625;40.959999084472656;26289.98046875
2020-06-17;9480.2548828125;40.709999084472656;26119.609375
2020-06-18;9411.8408203125;41.5099983215332;26080.099609375
2020-06-19;9288.0185546875;42.189998626708984;25871.4609375
2020-06-22;9648.7177734375;43.08000183105469;26024.9609375
2020-06-23;9629.658203125;42.630001068115234;26156.099609375
2020-06-24;9313.6103515625;40.310001373291016;25445.939453125
2020-06-25;9264.8134765625;41.04999923706055;25745.599609375
2020-06-26;9162.91796875;41.02000045776367;25015.55078125
2020-06-29;9190.8544921875;41.709999084472656;25595.80078125
2020-06-30;9137.9931640625;41.150001525878906;25812.880859375
2020-07-01;9228.3251953125;42.029998779296875;25734.970703125
2020-07-02;9123.41015625;43.13999938964844;25827.359375
2020-07-06;9375.474609375;43.099998474121094;26287.029296875
2020-07-07;9252.27734375;43.08000183105469;25890.1796875
2020-07-08;9428.3330078125;43.290000915527344;26067.279296875
2020-07-09;9277.9677734375;42.349998474121094;25706.08984375
2020-07-10;9278.8076171875;43.2400016784668;26075.30078125
2020-07-13;9243.6142578125;42.720001220703125;26085.80078125
2020-07-14;9243.2138671875;42.900001525878906;26642.58984375
2020-07-15;9192.8369140625;43.790000915527344;26870.099609375
2020-07-16;9132.2275390625;43.369998931884766;26734.7109375
2020-07-17;9151.392578125;43.13999938964844;26671.94921875
2020-07-20;9164.2314453125;43.279998779296875;26680.869140625
2020-07-21;9374.8876953125;44.31999969482422;26840.400390625
2020-07-22;9525.36328125;44.290000915527344;27005.83984375
2020-07-23;9581.072265625;43.310001373291016;26652.330078125
2020-07-24;9536.892578125;43.34000015258789;26469.890625
2020-07-27;10990.873046875;43.40999984741211;26584.76953125
2020-07-28;10912.8232421875;43.220001220703125;26379.279296875
2020-07-29;11100.4677734375;43.75;26539.5703125
2020-07-30;11111.2138671875;42.939998626708984;26313.650390625
2020-07-31;11323.466796875;43.29999923706055;26428.3203125
2020-08-03;11246.3486328125;44.150001525878906;26664.400390625
2020-08-04;11205.892578125;44.43000030517578;26828.470703125
2020-08-05;11747.0224609375;45.16999816894531;27201.51953125
2020-08-06;11779.7734375;45.09000015258789;27386.98046875
2020-08-07;11601.47265625;44.400001525878906;27433.48046875
2020-08-10;11878.111328125;44.9900016784668;27791.439453125
2020-08-11;11410.525390625;44.5;27686.91015625
2020-08-12;11584.9345703125;45.43000030517578;27976.83984375
2020-08-13;11784.1376953125;44.959999084472656;27896.720703125
2020-08-14;11768.87109375;44.79999923706055;27931.01953125
2020-08-17;12254.40234375;45.369998931884766;27844.91015625
2020-08-18;11991.2333984375;45.459999084472656;27778.0703125
2020-08-19;11758.283203125;45.369998931884766;27692.880859375
2020-08-20;11878.3720703125;44.900001525878906;27739.73046875
2020-08-21;11592.4892578125;44.349998474121094;27930.330078125
2020-08-24;11774.595703125;45.130001068115234;28308.4609375
2020-08-25;11366.134765625;45.86000061035156;28248.439453125
2020-08-26;11488.36328125;45.63999938964844;28331.919921875
2020-08-27;11323.3974609375;45.09000015258789;28492.26953125
2020-08-28;11542.5;45.04999923706055;28653.869140625
2020-08-31;11680.8203125;45.279998779296875;28430.05078125
2020-09-01;11970.478515625;45.58000183105469;28645.66015625
2020-09-02;11414.0341796875;44.43000030517578;29100.5
2020-09-03;10245.296875;44.06999969482422;28292.73046875
2020-09-04;10511.8134765625;42.65999984741211;28133.310546875
2020-09-08;10131.5166015625;39.779998779296875;27500.890625
2020-09-09;10242.34765625;40.790000915527344;27940.470703125
2020-09-10;10363.138671875;40.060001373291016;27534.580078125
2020-09-11;10400.9150390625;39.83000183105469;27665.640625
2020-09-14;10680.837890625;39.61000061035156;27993.330078125
2020-09-15;10796.951171875;40.529998779296875;27995.599609375
2020-09-16;10974.9052734375;42.220001220703125;28032.380859375
2020-09-17;10948.990234375;43.29999923706055;27901.98046875
2020-09-18;10944.5859375;43.150001525878906;27657.419921875
2020-09-21;10462.259765625;41.439998626708984;27147.69921875
2020-09-22;10538.4599609375;41.720001220703125;27288.1796875
2020-09-23;10246.1865234375;41.77000045776367;26763.130859375
2020-09-24;10760.06640625;41.939998626708984;26815.439453125
2020-09-25;10692.716796875;41.91999816894531;27173.9609375
2020-09-28;10709.65234375;42.43000030517578;27584.060546875
2020-09-29;10844.640625;41.029998779296875;27452.66015625
2020-09-30;10784.4912109375;40.95000076293945;27781.69921875
2020-10-01;10619.4521484375;40.93000030517578;27816.900390625
2020-10-02;10575.974609375;39.27000045776367;27682.810546875
2020-10-05;10793.33984375;41.290000915527344;28148.640625
2020-10-06;10604.40625;42.650001525878906;27772.759765625
2020-10-07;10668.96875;41.9900016784668;28303.4609375
2020-10-08;10915.685546875;43.34000015258789;28425.509765625
2020-10-09;11064.4580078125;42.849998474121094;28586.900390625
2020-10-12;11555.36328125;41.720001220703125;28837.51953125
2020-10-13;11425.8994140625;42.45000076293945;28679.810546875
2020-10-14;11429.5068359375;43.31999969482422;28514.0
2020-10-15;11495.349609375;43.15999984741211;28494.19921875
2020-10-16;11322.123046875;42.93000030517578;28606.310546875
2020-10-19;11742.037109375;42.619998931884766;28195.419921875
2020-10-20;11916.3349609375;43.15999984741211;28308.7890625
2020-10-21;12823.689453125;41.72999954223633;28210.8203125
2020-10-22;12965.8916015625;42.459999084472656;28363.66015625
2020-10-23;12931.5390625;41.77000045776367;28335.5703125
2020-10-26;13075.248046875;40.459999084472656;27685.380859375
2020-10-27;13654.21875;41.20000076293945;27463.189453125
2020-10-28;13271.28515625;39.119998931884766;26519.94921875
2020-10-29;13437.8828125;37.650001525878906;26659.109375
2020-10-30;13546.5224609375;37.459999084472656;26501.599609375
2020-11-02;13550.4892578125;38.970001220703125;26925.05078125
2020-11-03;13950.30078125;39.709999084472656;27480.029296875
2020-11-04;14133.70703125;41.22999954223633;27847.66015625
2020-11-05;15579.8486328125;40.93000030517578;28390.1796875
2020-11-06;15565.880859375;39.45000076293945;28323.400390625
2020-11-09;15332.3154296875;42.400001525878906;29157.970703125
2020-11-10;15290.90234375;43.61000061035156;29420.919921875
2020-11-11;15701.33984375;43.79999923706055;29397.630859375
2020-11-12;16276.34375;43.529998779296875;29080.169921875
2020-11-13;16317.80859375;42.779998779296875;29479.810546875
2020-11-16;16716.111328125;43.81999969482422;29950.439453125
2020-11-17;17645.40625;43.75;29783.349609375
2020-11-18;17804.005859375;44.34000015258789;29438.419921875
2020-11-19;17817.08984375;44.20000076293945;29483.23046875
2020-11-20;18621.314453125;44.959999084472656;29263.48046875
2020-11-23;18364.12109375;46.060001373291016;29591.26953125
2020-11-24;19107.46484375;47.86000061035156;30046.240234375
2020-11-25;18732.12109375;48.61000061035156;29872.470703125
2020-11-27;17108.40234375;48.18000030517578;29910.369140625
2020-11-30;19625.8359375;47.59000015258789;29638.640625
2020-12-01;18802.998046875;47.41999816894531;29823.919921875
2020-12-02;19201.091796875;48.25;29883.7890625
2020-12-03;19445.3984375;48.709999084472656;29969.51953125
2020-12-04;18699.765625;49.25;30218.259765625
2020-12-07;19191.630859375;48.790000915527344;30069.7890625
2020-12-08;18321.14453125;48.84000015258789;30173.880859375
2020-12-09;18553.916015625;48.86000061035156;30068.810546875
2020-12-10;18264.9921875;50.25;29999.259765625
2020-12-11;18058.904296875;49.970001220703125;30046.369140625
2020-12-14;19246.64453125;50.290000915527344;29861.55078125
2020-12-15;19417.076171875;50.7599983215332;30199.310546875
2020-12-16;21310.59765625;51.08000183105469;30154.5390625
2020-12-17;22805.162109375;51.5;30303.369140625
2020-12-18;23137.9609375;52.2599983215332;30179.05078125
2020-12-21;22803.08203125;50.90999984741211;30216.44921875
2020-12-22;23783.029296875;50.08000183105469;30015.509765625
2020-12-23;23241.345703125;51.20000076293945;30129.830078125
2020-12-24;23735.94921875;51.290000915527344;30199.869140625
2020-12-28;27084.80859375;50.86000061035156;30403.970703125
2020-12-29;27362.4375;51.09000015258789;30335.669921875
2020-12-30;28840.953125;51.34000015258789;30409.560546875
2020-12-31;29001.720703125;51.79999923706055;30606.48046875
2021-01-04;31971.9140625;51.09000015258789;30223.890625
2021-01-05;33992.4296875;53.599998474121094;30391.599609375
2021-01-06;36824.36328125;54.29999923706055;30829.400390625
2021-01-07;39371.04296875;54.380001068115234;31041.130859375
2021-01-08;40797.609375;55.9900016784668;31097.970703125
2021-01-11;35566.65625;55.65999984741211;31008.689453125
2021-01-12;33922.9609375;56.58000183105469;31068.689453125
2021-01-13;37316.359375;56.060001373291016;31060.470703125
2021-01-14;39187.328125;56.41999816894531;30991.51953125
2021-01-15;36825.3671875;55.099998474121094;30814.259765625
2021-01-19;36069.8046875;55.900001525878906;30930.51953125
2021-01-20;35547.75;56.08000183105469;31188.380859375
2021-01-21;30825.69921875;56.099998474121094;31176.009765625
2021-01-22;33005.76171875;55.40999984741211;30996.98046875
2021-01-25;32366.392578125;55.880001068115234;30960.0
2021-01-26;32569.849609375;55.90999984741211;30937.0390625
2021-01-27;30432.546875;55.810001373291016;30303.169921875
2021-01-28;33466.09765625;55.529998779296875;30603.359375
2021-01-29;34316.38671875;55.880001068115234;29982.619140625
2021-02-01;33537.17578125;56.349998474121094;30211.91015625
2021-02-02;35510.2890625;57.459999084472656;30687.48046875
2021-02-03;37472.08984375;58.459999084472656;30723.599609375
2021-02-04;36926.06640625;58.84000015258789;31055.859375
2021-02-05;38144.30859375;59.34000015258789;31148.240234375
2021-02-08;46196.46484375;60.560001373291016;31385.759765625
2021-02-09;46481.10546875;61.09000015258789;31375.830078125
2021-02-10;44918.18359375;61.470001220703125;31437.80078125
2021-02-11;47909.33203125;61.13999938964844;31430.69921875
2021-02-12;47504.8515625;62.43000030517578;31458.400390625
2021-02-16;49199.87109375;63.349998474121094;31522.75
2021-02-17;52149.0078125;64.33999633789062;31613.01953125
2021-02-18;51679.796875;63.93000030517578;31493.33984375
2021-02-19;55888.1328125;62.90999984741211;31494.3203125
2021-02-22;54207.3203125;65.23999786376953;31521.689453125
2021-02-23;48824.42578125;65.37000274658203;31537.349609375
2021-02-24;49705.33203125;67.04000091552734;31961.859375
2021-02-25;47093.8515625;66.87999725341797;31402.009765625
2021-02-26;46339.76171875;66.12999725341797;30932.369140625
2021-03-01;49631.2421875;63.689998626708984;31535.509765625
2021-03-02;48378.98828125;62.70000076293945;31391.51953125
2021-03-03;50538.2421875;64.06999969482422;31270.08984375
2021-03-04;48561.16796875;66.73999786376953;30924.140625
2021-03-05;48927.3046875;69.36000061035156;31496.30078125
2021-03-08;52246.5234375;68.23999786376953;31802.439453125
2021-03-09;54824.1171875;67.5199966430664;31832.740234375
2021-03-10;56008.55078125;67.9000015258789;32297.01953125
2021-03-11;57805.12109375;69.62999725341797;32485.58984375
2021-03-12;57332.08984375;69.22000122070312;32778.640625
2021-03-15;55907.19921875;68.87999725341797;32953.4609375
2021-03-16;56804.90234375;68.38999938964844;32825.94921875
2021-03-17;58870.89453125;68.0;33015.37109375
2021-03-18;57858.921875;63.279998779296875;32862.30078125
2021-03-19;58346.65234375;64.52999877929688;32627.970703125
2021-03-22;54529.14453125;64.62000274658203;32731.19921875
2021-03-23;54738.9453125;60.790000915527344;32423.150390625
2021-03-24;52774.265625;64.41000366210938;32420.060546875
2021-03-25;51704.16015625;61.95000076293945;32619.48046875
2021-03-26;55137.3125;64.56999969482422;33072.87890625
2021-03-29;57750.19921875;64.9800033569336;33171.37109375
2021-03-30;58917.69140625;64.13999938964844;33066.9609375
2021-03-31;58918.83203125;63.540000915527344;32981.55078125
2021-04-01;59095.80859375;64.86000061035156;33153.2109375
2021-04-05;59057.87890625;62.150001525878906;33527.19140625
2021-04-06;58192.359375;62.7400016784668;33430.23828125
2021-04-07;56048.9375;63.15999984741211;33446.26171875
2021-04-08;58323.953125;63.20000076293945;33503.5703125
2021-04-09;58245.00390625;62.95000076293945;33800.6015625
2021-04-12;59893.453125;63.279998779296875;33745.3984375
2021-04-13;63503.45703125;63.66999816894531;33677.26953125
2021-04-14;63109.6953125;66.58000183105469;33730.890625
2021-04-15;63314.01171875;66.94000244140625;34035.98828125
2021-04-16;61572.7890625;66.7699966430664;34200.671875
2021-04-19;55724.265625;67.05000305175781;34077.62890625
2021-04-20;56473.03125;66.56999969482422;33821.30078125
2021-04-21;53906.08984375;65.31999969482422;34137.30859375
2021-04-22;51762.2734375;65.4000015258789;33815.8984375
2021-04-23;51093.65234375;66.11000061035156;34043.48828125
2021-04-26;54021.75390625;65.6500015258789;33981.5703125
2021-04-27;55033.1171875;66.41999816894531;33984.9296875
2021-04-28;54824.703125;67.2699966430664;33820.37890625
2021-04-29;53555.109375;68.55999755859375;34060.359375
2021-04-30;57750.17578125;67.25;33874.8515625
2021-05-03;57200.29296875;67.55999755859375;34113.23046875
2021-05-04;53333.5390625;68.87999725341797;34133.03125
2021-05-05;57424.0078125;68.95999908447266;34230.33984375
2021-05-06;56396.515625;68.08999633789062;34548.53125
2021-05-07;57356.40234375;68.27999877929688;34777.76171875
2021-05-10;55859.796875;68.31999969482422;34742.8203125
2021-05-11;56704.57421875;68.55000305175781;34269.16015625
2021-05-12;49150.53515625;69.31999969482422;33587.66015625
2021-05-13;49716.19140625;67.05000305175781;34021.44921875
2021-05-14;49880.53515625;68.70999908447266;34382.12890625
2021-05-17;43537.51171875;69.45999908447266;34327.7890625
2021-05-18;42909.40234375;68.70999908447266;34060.66015625
2021-05-19;37002.44140625;66.66000366210938;33896.0390625
2021-05-20;40782.73828125;65.11000061035156;34084.1484375
2021-05-21;37304.69140625;66.44000244140625;34207.83984375
2021-05-24;38705.98046875;68.45999908447266;34393.98046875
2021-05-25;38402.22265625;68.6500015258789;34312.4609375
2021-05-26;39294.19921875;68.87000274658203;34323.05078125
2021-05-27;38436.96875;69.45999908447266;34464.640625
2021-05-28;35697.60546875;69.62999725341797;34529.44921875
2021-06-01;36684.92578125;70.25;34575.30859375
2021-06-02;37575.1796875;71.3499984741211;34600.37890625
2021-06-03;39208.765625;71.30999755859375;34577.0390625
2021-06-04;36894.40625;71.88999938964844;34756.390625
2021-06-07;33560.70703125;71.48999786376953;34630.23828125
2021-06-08;33472.6328125;72.22000122070312;34599.8203125
2021-06-09;37345.12109375;72.22000122070312;34447.140625
2021-06-10;36702.59765625;72.5199966430664;34466.23828125
2021-06-11;37334.3984375;72.69000244140625;34479.6015625
2021-06-14;40218.4765625;72.86000061035156;34393.75
2021-06-15;40406.26953125;73.98999786376953;34299.328125
2021-06-16;38347.0625;74.38999938964844;34033.671875
2021-06-17;38053.50390625;73.08000183105469;33823.44921875
2021-06-18;35787.24609375;73.51000213623047;33290.078125
2021-06-21;31676.693359375;74.9000015258789;33876.96875
2021-06-22;32505.66015625;74.80999755859375;33945.578125
2021-06-23;33723.02734375;75.19000244140625;33874.23828125
2021-06-24;34662.4375;75.55999755859375;34196.8203125
2021-06-25;31637.779296875;76.18000030517578;34433.83984375
2021-06-28;34434.3359375;74.68000030517578;34283.26953125
2021-06-29;35867.77734375;74.76000213623047;34292.2890625
2021-06-30;35040.8359375;75.12999725341797;34502.51171875
2021-07-01;33572.1171875;75.83999633789062;34633.53125
2021-07-02;33897.046875;76.16999816894531;34786.3515625
2021-07-06;34235.1953125;74.52999877929688;34577.37109375
2021-07-07;33855.328125;73.43000030517578;34681.7890625
2021-07-08;32877.37109375;74.12000274658203;34421.9296875
2021-07-09;33798.01171875;75.55000305175781;34870.16015625
2021-07-12;33155.84765625;75.16000366210938;34996.1796875
2021-07-13;32702.025390625;76.48999786376953;34888.7890625
2021-07-14;32822.34765625;74.76000213623047;34933.23046875
2021-07-15;31780.73046875;73.47000122070312;34987.01953125
2021-07-16;31421.5390625;73.58999633789062;34687.8515625
2021-07-19;30817.83203125;68.62000274658203;33962.0390625
2021-07-20;29807.34765625;69.3499984741211;34511.98828125
2021-07-21;32110.693359375;72.2300033569336;34798.0
2021-07-22;32313.10546875;73.79000091552734;34823.3515625
2021-07-23;33581.55078125;74.0999984741211;35061.55078125
2021-07-26;37337.53515625;74.5;35144.30859375
2021-07-27;39406.94140625;74.4800033569336;35058.51953125
2021-07-28;39995.90625;74.73999786376953;34930.9296875
2021-07-29;40008.421875;76.05000305175781;35084.53125
2021-07-30;42235.546875;76.33000183105469;34935.46875
2021-08-02;39201.9453125;72.88999938964844;34838.16015625
2021-08-03;38152.98046875;72.41000366210938;35116.3984375
2021-08-04;39747.50390625;70.37999725341797;34792.671875
2021-08-05;40869.5546875;71.29000091552734;35064.25
2021-08-06;42816.5;70.69999694824219;35208.51171875
2021-08-09;46365.40234375;69.04000091552734;35101.8515625
2021-08-10;45585.03125;70.62999725341797;35264.671875
2021-08-11;45593.63671875;71.44000244140625;35484.96875
2021-08-12;44428.2890625;71.30999755859375;35499.8515625
2021-08-13;47793.3203125;70.58999633789062;35515.37890625
2021-08-16;46004.484375;69.51000213623047;35625.3984375
2021-08-17;44695.359375;69.02999877929688;35343.28125
2021-08-18;44801.1875;68.2300033569336;34960.69140625
2021-08-19;46717.578125;66.44999694824219;34894.12109375
2021-08-20;49339.17578125;65.18000030517578;35120.078125
2021-08-23;49546.1484375;68.75;35335.7109375
2021-08-24;47706.1171875;71.05000305175781;35366.26171875
2021-08-25;48960.7890625;72.25;35405.5
2021-08-26;46942.21875;71.06999969482422;35213.12109375
2021-08-27;49058.66796875;72.69999694824219;35455.80078125
2021-08-30;47054.984375;73.41000366210938;35399.83984375
2021-08-31;47166.6875;72.98999786376953;35360.73046875
2021-09-01;48847.02734375;71.58999633789062;35312.53125
2021-09-02;49327.72265625;73.02999877929688;35443.8203125
2021-09-03;50025.375;72.61000061035156;35369.08984375
2021-09-07;46811.12890625;71.69000244140625;35100.0
2021-09-08;46091.390625;72.5999984741211;35031.0703125
2021-09-09;46391.421875;71.44999694824219;34879.37890625
2021-09-10;44883.91015625;72.91999816894531;34607.71875
2021-09-13;44963.07421875;73.51000213623047;34869.62890625
2021-09-14;47092.4921875;73.5999984741211;34577.5703125
2021-09-15;48176.34765625;75.45999908447266;34814.390625
2021-09-16;47783.359375;75.66999816894531;34751.3203125
2021-09-17;47267.51953125;75.33999633789062;34584.87890625
2021-09-20;42843.80078125;73.91999816894531;33970.46875
2021-09-21;40693.67578125;74.36000061035156;33919.83984375
2021-09-22;43574.5078125;76.19000244140625;34258.3203125
2021-09-23;44895.09765625;77.25;34764.8203125
2021-09-24;42839.75;78.08999633789062;34798.0
2021-09-27;42235.73046875;79.52999877929688;34869.37109375
2021-09-28;41034.54296875;79.08999633789062;34299.98828125
2021-09-29;41564.36328125;78.63999938964844;34390.71875
2021-09-30;43790.89453125;78.5199966430664;33843.921875
2021-10-01;48116.94140625;79.27999877929688;34326.4609375
2021-10-04;49112.90234375;81.26000213623047;34002.921875
2021-10-05;51514.8125;82.55999755859375;34314.671875
2021-10-06;55361.44921875;81.08000183105469;34416.98828125
2021-10-07;53805.984375;81.94999694824219;34754.94140625
2021-10-08;53967.84765625;82.38999938964844;34746.25
2021-10-11;57484.7890625;83.6500015258789;34496.05859375
2021-10-12;56041.05859375;83.41999816894531;34378.33984375
2021-10-13;57401.09765625;83.18000030517578;34377.80859375
2021-10-14;57321.5234375;84.0;34912.55859375
2021-10-15;61593.94921875;84.86000061035156;35294.76171875
2021-10-18;62026.078125;84.33000183105469;35258.609375
2021-10-19;64261.9921875;85.08000183105469;35457.30859375
2021-10-20;65992.8359375;85.81999969482422;35609.33984375
2021-10-21;62210.171875;84.61000061035156;35603.078125
2021-10-22;60692.265625;85.52999877929688;35677.01953125
2021-10-25;63039.82421875;85.98999786376953;35741.1484375
2021-10-26;60363.79296875;86.4000015258789;35756.87890625
2021-10-27;58482.38671875;84.58000183105469;35490.69140625
2021-10-28;60622.13671875;84.31999969482422;35730.48046875
2021-10-29;62227.96484375;84.37999725341797;35819.55859375
2021-11-01;61004.40625;84.70999908447266;35913.83984375
2021-11-02;63226.40234375;84.72000122070312;36052.62890625
2021-11-03;62970.046875;81.98999786376953;36157.578125
2021-11-04;61452.23046875;80.54000091552734;36124.23046875
2021-11-05;61125.67578125;82.73999786376953;36327.94921875
2021-11-08;67566.828125;83.43000030517578;36432.21875
2021-11-09;66971.828125;84.77999877929688;36319.98046875
2021-11-10;64995.23046875;82.63999938964844;36079.94140625
2021-11-11;64949.9609375;82.87000274658203;35921.23046875
2021-11-12;64155.94140625;82.16999816894531;36100.30859375
2021-11-15;63557.87109375;82.05000305175781;36087.44921875
2021-11-16;60161.24609375;82.43000030517578;36142.21875
2021-11-17;60368.01171875;80.27999877929688;35931.05078125
2021-11-18;56942.13671875;81.23999786376953;35870.94921875
2021-11-19;58119.578125;78.88999938964844;35601.98046875
2021-11-22;56289.2890625;79.69999694824219;35619.25
2021-11-23;57569.07421875;82.30999755859375;35813.80078125
2021-11-24;56280.42578125;82.25;35804.37890625
2021-11-26;53569.765625;72.72000122070312;34899.33984375
2021-11-29;57806.56640625;73.44000244140625;35135.94140625
2021-11-30;57005.42578125;70.56999969482422;34483.71875
2021-12-01;57229.828125;68.87000274658203;34022.0390625
2021-12-02;56477.81640625;69.66999816894531;34639.7890625
2021-12-03;53598.24609375;69.87999725341797;34580.078125
2021-12-06;50582.625;73.08000183105469;35227.03125
2021-12-07;50700.0859375;75.44000244140625;35719.4296875
2021-12-08;50504.796875;75.81999969482422;35754.75
2021-12-09;47672.12109375;74.41999816894531;35754.69140625
2021-12-10;47243.3046875;75.1500015258789;35970.98828125
2021-12-13;46737.48046875;74.38999938964844;35650.94921875
2021-12-14;46612.6328125;73.69999694824219;35544.1796875
2021-12-15;48896.72265625;73.87999725341797;35927.4296875
2021-12-16;47665.42578125;75.0199966430664;35897.640625
2021-12-17;46202.14453125;73.5199966430664;35365.44140625
2021-12-20;46880.27734375;71.5199966430664;34932.16015625
2021-12-21;48936.61328125;73.9800033569336;35492.69921875
2021-12-22;48628.51171875;75.29000091552734;35753.890625
2021-12-23;50784.5390625;76.8499984741211;35950.55859375
2021-12-27;50640.41796875;78.5999984741211;36302.37890625
2021-12-28;47588.85546875;78.94000244140625;36398.2109375
2021-12-29;46444.7109375;79.2300033569336;36488.62890625
2021-12-30;47178.125;79.31999969482422;36398.078125
2021-12-31;46306.4453125;77.77999877929688;36338.30078125
2022-01-03;46458.1171875;78.9800033569336;36585.05859375
2022-01-04;45897.57421875;80.0;36799.6484375
2022-01-05;43569.00390625;80.80000305175781;36407.109375
2022-01-06;43160.9296875;81.98999786376953;36236.46875
2022-01-07;41557.90234375;81.75;36231.66015625
2022-01-10;41821.26171875;80.87000274658203;36068.87109375
2022-01-11;42735.85546875;83.72000122070312;36252.01953125
2022-01-12;43949.1015625;84.66999816894531;36290.3203125
2022-01-13;42591.5703125;84.47000122070312;36113.62109375
2022-01-14;43099.69921875;86.05999755859375;35911.80859375
2022-01-18;42375.6328125;87.51000213623047;35368.46875
2022-01-19;41744.328125;88.44000244140625;35028.6484375
2022-01-20;40680.41796875;88.37999725341797;34715.390625
2022-01-21;36457.31640625;87.88999938964844;34265.37109375
2022-01-24;36654.328125;86.2699966430664;34364.5
2022-01-25;36954.00390625;88.19999694824219;34297.73046875
2022-01-26;36852.12109375;89.95999908447266;34168.08984375
2022-01-27;37138.234375;89.33999633789062;34160.78125
2022-01-28;37784.33203125;90.02999877929688;34725.46875
2022-01-31;38483.125;91.20999908447266;35131.859375
2022-02-01;38743.2734375;89.16000366210938;35405.23828125
2022-02-02;36952.984375;89.47000122070312;35629.328125
2022-02-03;37154.6015625;91.11000061035156;35111.16015625
2022-02-04;41500.875;93.2699966430664;35089.73828125
2022-02-07;43840.28515625;92.69000244140625;35091.12890625
2022-02-08;44118.4453125;90.77999877929688;35462.78125
2022-02-09;44338.796875;91.55000305175781;35768.05859375
2022-02-10;43565.11328125;91.41000366210938;35241.58984375
2022-02-11;42407.9375;94.44000244140625;34738.05859375
2022-02-14;42586.91796875;96.4800033569336;34566.171875
2022-02-15;44575.203125;93.27999877929688;34988.83984375
2022-02-16;43961.859375;94.80999755859375;34934.26953125
2022-02-17;40538.01171875;92.97000122070312;34312.03125
2022-02-18;40030.9765625;93.54000091552734;34079.1796875
2022-02-22;38286.02734375;96.83999633789062;33596.609375
2022-02-23;37296.5703125;96.83999633789062;33131.76171875
2022-02-24;38332.609375;99.08000183105469;33223.828125
2022-02-25;39214.21875;97.93000030517578;34058.75
2022-02-28;43193.234375;100.98999786376953;33892.6015625
2022-03-01;44354.63671875;104.97000122070312;33294.94921875
2022-03-02;43924.1171875;112.93000030517578;33891.3515625
2022-03-03;42451.7890625;110.45999908447266;33794.66015625
2022-03-04;39137.60546875;118.11000061035156;33614.80078125
2022-03-07;38062.0390625;123.20999908447266;32817.37890625
2022-03-08;38737.26953125;127.9800033569336;32632.640625
2022-03-09;41982.92578125;111.13999938964844;33286.25
2022-03-10;39437.4609375;109.33000183105469;33174.0703125
2022-03-11;38794.97265625;112.66999816894531;32944.19140625
2022-03-14;39666.75390625;106.9000015258789;32945.23828125
2022-03-15;39338.78515625;99.91000366210938;33544.33984375
2022-03-16;41143.9296875;98.0199966430664;34063.1015625
2022-03-17;40951.37890625;106.63999938964844;34480.76171875
2022-03-18;41801.15625;107.93000030517578;34754.9296875
2022-03-21;41077.99609375;115.62000274658203;34552.98828125
2022-03-22;42358.80859375;115.4800033569336;34807.4609375
2022-03-23;42892.95703125;121.5999984741211;34358.5
2022-03-24;43960.93359375;119.02999877929688;34707.94140625
2022-03-25;44348.73046875;120.6500015258789;34861.23828125
2022-03-28;47128.00390625;112.4800033569336;34955.890625
2022-03-29;47465.73046875;110.2300033569336;35294.19140625
2022-03-30;47062.6640625;113.44999694824219;35228.80859375
2022-03-31;45538.67578125;107.91000366210938;34678.3515625
2022-04-01;46281.64453125;104.38999938964844;34818.26953125
2022-04-04;46622.67578125;107.52999877929688;34921.87890625
2022-04-05;45555.9921875;106.63999938964844;34641.1796875
2022-04-06;43206.73828125;101.06999969482422;34496.51171875
2022-04-07;43503.84765625;100.58000183105469;34583.5703125
2022-04-08;42287.6640625;102.77999877929688;34721.12109375
2022-04-11;39521.90234375;98.4800033569336;34308.078125
2022-04-12;40127.18359375;104.63999938964844;34220.359375
2022-04-13;41166.73046875;108.77999877929688;34564.58984375
2022-04-14;39935.515625;111.69999694824219;34451.23046875
2022-04-18;40826.21484375;113.16000366210938;34411.69140625
2022-04-19;41502.75;107.25;34911.19921875
2022-04-20;41374.37890625;106.80000305175781;35160.7890625
2022-04-21;40527.36328125;108.33000183105469;34792.76171875
2022-04-22;39740.3203125;106.6500015258789;33811.3984375
2022-04-25;40458.30859375;102.31999969482422;34049.4609375
2022-04-26;38117.4609375;104.98999786376953;33240.1796875
2022-04-27;39241.12109375;105.31999969482422;33301.9296875
2022-04-28;39773.828125;107.58999633789062;33916.390625
2022-04-29;38609.82421875;109.33999633789062;32977.2109375
2022-05-02;38529.328125;107.58000183105469;33061.5
2022-05-03;37750.453125;104.97000122070312;33128.7890625
2022-05-04;39698.37109375;110.13999938964844;34061.05859375
2022-05-05;36575.140625;110.9000015258789;32997.96875
2022-05-06;36040.921875;112.38999938964844;32899.37109375
2022-05-09;30296.953125;105.94000244140625;32245.69921875
2022-05-10;31022.90625;102.45999908447266;32160.740234375
2022-05-11;28936.35546875;107.51000213623047;31834.109375
2022-05-12;29047.751953125;107.44999694824219;31730.30078125
2022-05-13;29283.103515625;111.55000305175781;32196.66015625
2022-05-16;29862.91796875;114.23999786376953;32223.419921875
2022-05-17;30425.857421875;111.93000030517578;32654.58984375
2022-05-18;28720.271484375;109.11000061035156;31490.0703125
2022-05-19;30314.333984375;112.04000091552734;31253.130859375
2022-05-20;29200.740234375;112.55000305175781;31261.900390625
2022-05-23;29098.91015625;113.41999816894531;31880.240234375
2022-05-24;29655.5859375;113.55999755859375;31928.619140625
2022-05-25;29562.361328125;114.02999877929688;32120.279296875
2022-05-26;29267.224609375;117.4000015258789;32637.189453125
2022-05-27;28627.57421875;119.43000030517578;33212.9609375
2022-05-31;31792.310546875;122.83999633789062;32990.12109375
2022-06-01;29799.080078125;116.29000091552734;32813.23046875
2022-06-02;30467.48828125;117.61000061035156;33248.28125
2022-06-03;29704.390625;119.72000122070312;32899.69921875
2022-06-06;31370.671875;119.51000213623047;32915.78125
2022-06-07;31155.478515625;120.56999969482422;33180.140625
2022-06-08;30214.35546875;123.58000183105469;32910.8984375
2022-06-09;30111.998046875;123.06999969482422;32272.7890625
2022-06-10;29083.8046875;122.01000213623047;31392.7890625
2022-06-13;22487.388671875;122.2699966430664;30516.740234375
2022-06-14;22206.79296875;121.16999816894531;30364.830078125
2022-06-15;22572.83984375;118.51000213623047;30668.529296875
2022-06-16;20381.650390625;119.80999755859375;29927.0703125
2022-06-17;20471.482421875;113.12000274658203;29888.779296875
2022-06-21;20710.59765625;114.6500015258789;30530.25
2022-06-22;19987.029296875;111.73999786376953;30483.130859375
2022-06-23;21085.876953125;110.05000305175781;30677.359375
2022-06-24;21231.65625;113.12000274658203;31500.6796875
2022-06-27;20735.478515625;115.08999633789062;31438.259765625
2022-06-28;20280.634765625;117.9800033569336;30946.990234375
2022-06-29;20104.0234375;116.26000213623047;31029.310546875
2022-06-30;19784.7265625;114.80999755859375;30775.4296875
2022-07-01;19269.3671875;111.62999725341797;31097.259765625
2022-07-05;20190.115234375;102.7699966430664;30967.8203125
2022-07-06;20548.24609375;100.69000244140625;31037.6796875
2022-07-07;21637.587890625;104.6500015258789;31384.55078125
2022-07-08;21731.1171875;107.0199966430664;31338.150390625
2022-07-11;19970.556640625;107.0999984741211;31173.83984375
2022-07-12;19323.9140625;99.48999786376953;30981.330078125
2022-07-13;20212.07421875;99.56999969482422;30772.7890625
2022-07-14;20569.919921875;99.0999984741211;30630.169921875
2022-07-15;20836.328125;101.16000366210938;31288.259765625
2022-07-18;22485.689453125;106.2699966430664;31072.609375
2022-07-19;23389.43359375;107.3499984741211;31827.05078125
2022-07-20;23231.732421875;106.91999816894531;31874.83984375
2022-07-21;23164.62890625;103.86000061035156;32036.900390625
2022-07-22;22714.978515625;103.19999694824219;31899.2890625
2022-07-25;21361.701171875;105.1500015258789;31990.0390625
2022-07-26;21239.75390625;104.4000015258789;31761.5390625
2022-07-27;22930.548828125;106.62000274658203;32197.58984375
2022-07-28;23843.88671875;107.13999938964844;32529.630859375
2022-07-29;23804.6328125;110.01000213623047;32845.12890625
2022-08-01;23314.19921875;100.02999877929688;32798.3984375
2022-08-02;22978.1171875;100.54000091552734;32396.169921875
2022-08-03;22846.5078125;96.77999877929688;32812.5
2022-08-04;22630.95703125;94.12000274658203;32726.8203125
2022-08-05;23289.314453125;94.91999816894531;32803.46875
2022-08-08;23809.486328125;96.6500015258789;32832.5390625
2022-08-09;23164.318359375;96.30999755859375;32774.41015625
2022-08-10;23947.642578125;97.4000015258789;33309.51171875
2022-08-11;23957.529296875;99.5999984741211;33336.671875
2022-08-12;24402.818359375;98.1500015258789;33761.05078125
2022-08-15;24136.97265625;95.0999984741211;33912.44140625
2022-08-16;23883.291015625;92.33999633789062;34152.01171875
2022-08-17;23335.998046875;93.6500015258789;33980.3203125
2022-08-18;23212.73828125;96.58999633789062;33999.0390625
2022-08-19;20877.552734375;96.72000122070312;33706.73828125
2022-08-22;21398.908203125;96.4800033569336;33063.609375
2022-08-23;21528.087890625;100.22000122070312;32909.58984375
2022-08-24;21395.01953125;101.22000122070312;32969.23046875
2022-08-25;21600.904296875;99.33999633789062;33291.78125
2022-08-26;20260.01953125;100.98999786376953;32283.400390625
2022-08-29;20297.994140625;105.08999633789062;32098.990234375
2022-08-30;19796.80859375;99.30999755859375;31790.869140625
2022-08-31;20049.763671875;96.48999786376953;31510.4296875
2022-09-01;20127.140625;92.36000061035156;31656.419921875
2022-09-02;19969.771484375;93.0199966430664;31318.439453125
2022-09-06;18837.66796875;92.83000183105469;31145.30078125
2022-09-07;19290.32421875;88.0;31581.279296875
2022-09-08;19329.833984375;89.1500015258789;31774.51953125
2022-09-09;21381.15234375;92.83999633789062;32151.7109375
2022-09-12;22370.44921875;94.0;32381.33984375
2022-09-13;20296.70703125;93.16999816894531;31104.970703125
2022-09-14;20241.08984375;94.0999984741211;31135.08984375
2022-09-15;19701.2109375;90.83999633789062;30961.8203125
2022-09-16;19772.583984375;91.3499984741211;30822.419921875
2022-09-19;19544.12890625;92.0;31019.6796875
2022-09-20;18890.7890625;90.62000274658203;30706.23046875
2022-09-21;18547.400390625;89.83000183105469;30183.779296875
2022-09-22;19413.55078125;90.45999908447266;30076.6796875
2022-09-23;19297.638671875;86.1500015258789;29590.41015625
2022-09-26;19222.671875;84.05999755859375;29260.810546875
2022-09-27;19110.546875;86.2699966430664;29134.990234375
2022-09-28;19426.720703125;89.31999969482422;29683.740234375
2022-09-29;19573.05078125;88.48999786376953;29225.609375
2022-09-30;19431.7890625;87.95999908447266;28725.509765625
2022-10-03;19623.580078125;88.86000061035156;29490.890625
2022-10-04;20336.84375;91.80000305175781;30316.3203125
2022-10-05;20160.716796875;93.37000274658203;30273.869140625
2022-10-06;19955.443359375;94.41999816894531;29926.939453125
2022-10-07;19546.849609375;97.91999816894531;29296.7890625
2022-10-10;19141.484375;96.19000244140625;29202.880859375
2022-10-11;19051.41796875;94.29000091552734;29239.189453125
2022-10-12;19157.4453125;92.44999694824219;29210.849609375
2022-10-13;19382.904296875;94.56999969482422;30038.720703125
2022-10-14;19185.65625;91.62999725341797;29634.830078125
2022-10-17;19550.7578125;91.62000274658203;30185.8203125
2022-10-18;19334.416015625;90.02999877929688;30523.80078125
2022-10-19;19139.53515625;92.41000366210938;30423.810546875
2022-10-20;19053.740234375;92.37999725341797;30333.58984375
2022-10-21;19172.46875;93.5;31082.560546875
2022-10-24;19345.572265625;93.26000213623047;31499.619140625
2022-10-25;20095.857421875;93.5199966430664;31836.740234375
2022-10-26;20770.44140625;95.69000244140625;31839.109375
2022-10-27;20285.8359375;96.95999908447266;32033.279296875
2022-10-28;20595.3515625;95.7699966430664;32861.80078125
2022-10-31;20495.7734375;94.83000183105469;32732.94921875
2022-11-01;20485.2734375;94.6500015258789;32653.19921875
2022-11-02;20159.50390625;96.16000366210938;32147.759765625
2022-11-03;20209.98828125;94.66999816894531;32001.25
2022-11-04;21147.23046875;98.56999969482422;32403.220703125
2022-11-07;20602.81640625;97.91999816894531;32827.0
2022-11-08;18541.271484375;95.36000061035156;33160.828125
2022-11-09;15880.7802734375;92.6500015258789;32513.939453125
2022-11-10;17586.771484375;93.66999816894531;33715.37109375
2022-11-11;17034.29296875;95.98999786376953;33747.859375
2022-11-14;16618.19921875;93.13999938964844;33536.69921875
2022-11-15;16884.61328125;93.86000061035156;33592.921875
2022-11-16;16669.439453125;92.86000061035156;33553.828125
2022-11-17;16687.517578125;89.77999877929688;33546.3203125
2022-11-18;16697.77734375;87.62000274658203;33745.69140625
2022-11-21;15787.2841796875;87.44999694824219;33700.28125
2022-11-22;16189.76953125;88.36000061035156;34098.1015625
2022-11-23;16610.70703125;85.41000366210938;34194.05859375
2022-11-25;16521.841796875;83.62999725341797;34347.03125
2022-11-28;16217.322265625;83.19000244140625;33849.4609375
2022-11-29;16444.982421875;83.02999877929688;33852.53125
2022-11-30;17168.56640625;85.43000030517578;34589.76953125
2022-12-01;16967.1328125;86.87999725341797;34395.01171875
2022-12-02;17088.66015625;85.56999969482422;34429.87890625
2022-12-05;16974.826171875;82.68000030517578;33947.1015625
2022-12-06;17089.50390625;79.3499984741211;33596.33984375
2022-12-07;16848.126953125;77.16999816894531;33597.921875
2022-12-08;17233.474609375;76.1500015258789;33781.48046875
2022-12-09;17133.15234375;76.0999984741211;33476.4609375
2022-12-12;17206.4375;77.98999786376953;34005.0390625
2022-12-13;17781.318359375;80.68000030517578;34108.640625
2022-12-14;17815.650390625;82.69999694824219;33966.3515625
2022-12-15;17364.865234375;81.20999908447266;33202.21875
2022-12-16;16647.484375;79.04000091552734;32920.4609375
2022-12-19;16439.6796875;79.80000305175781;32757.5390625
2022-12-20;16906.3046875;79.98999786376953;32849.73828125
2022-12-21;16817.53515625;82.19999694824219;33376.48046875
2022-12-22;16830.341796875;80.9800033569336;33027.48828125
2022-12-23;16796.953125;83.91999816894531;33203.9296875
2022-12-27;16717.173828125;84.33000183105469;33241.55859375
2022-12-28;16552.572265625;83.26000213623047;32875.7109375
2022-12-29;16642.341796875;82.26000213623047;33220.80078125
2022-12-30;16602.5859375;85.91000366210938;33147.25
2023-01-03;16679.857421875;82.0999984741211;33136.37109375
2023-01-04;16863.23828125;77.83999633789062;33269.76953125
2023-01-05;16836.736328125;78.69000244140625;32930.078125
2023-01-06;16951.96875;78.56999969482422;33630.609375
2023-01-09;17196.5546875;79.6500015258789;33517.6484375
2023-01-10;17446.29296875;80.0999984741211;33704.1015625
2023-01-11;17934.896484375;82.66999816894531;33973.01171875
2023-01-12;18869.587890625;84.02999877929688;34189.96875
2023-01-13;19909.57421875;85.27999877929688;34302.609375
2023-01-17;21161.51953125;85.91999816894531;33910.8515625
2023-01-18;20688.78125;84.9800033569336;33296.9609375
2023-01-19;21086.79296875;86.16000366210938;33044.55859375
2023-01-20;22676.552734375;87.62999725341797;33375.48828125
2023-01-23;22934.431640625;88.19000244140625;33629.55859375
2023-01-24;22636.46875;86.12999725341797;33733.9609375
2023-01-25;23117.859375;86.12000274658203;33743.83984375
2023-01-26;23032.77734375;87.47000122070312;33949.41015625
2023-01-27;23078.728515625;86.66000366210938;33978.078125
2023-01-30;22840.138671875;84.9000015258789;33717.08984375
2023-01-31;23139.283203125;84.48999786376953;34086.0390625
2023-02-01;23723.76953125;82.83999633789062;34092.9609375
2023-02-02;23471.87109375;82.16999816894531;34053.94140625
2023-02-03;23449.322265625;79.94000244140625;33926.01171875
2023-02-06;22760.109375;80.98999786376953;33891.01953125
2023-02-07;23264.291015625;83.69000244140625;34156.69140625
2023-02-08;22939.3984375;85.08999633789062;33949.01171875
2023-02-09;21819.0390625;84.5;33699.87890625
2023-02-10;21651.18359375;86.38999938964844;33869.26953125
2023-02-13;21808.1015625;86.61000061035156;34245.9296875
2023-02-14;22220.8046875;85.58000183105469;34089.26953125
2023-02-15;24307.841796875;85.37999725341797;34128.05078125
2023-02-16;23623.474609375;85.13999938964844;33696.8515625
2023-02-17;24565.6015625;83.0;33826.69140625
2023-02-21;24436.353515625;83.05000305175781;33129.58984375
2023-02-22;24188.84375;80.5999984741211;33045.08984375
2023-02-23;23947.4921875;82.20999908447266;33153.91015625
2023-02-24;23198.126953125;83.16000366210938;32816.921875
2023-02-27;23522.87109375;82.44999694824219;32889.08984375
2023-02-28;23147.353515625;83.88999938964844;32656.69921875
2023-03-01;23646.55078125;84.30999755859375;32661.83984375
2023-03-02;23475.466796875;84.75;33003.5703125
2023-03-03;22362.6796875;85.83000183105469;33390.96875
2023-03-06;22429.7578125;86.18000030517578;33431.44140625
2023-03-07;22219.76953125;83.29000091552734;32856.4609375
2023-03-08;21718.080078125;82.66000366210938;32798.3984375
2023-03-09;20363.021484375;81.58999633789062;32254.859375
2023-03-10;20187.244140625;82.77999877929688;31909.640625
2023-03-13;24197.533203125;80.7699966430664;31819.140625
2023-03-14;24746.07421875;77.44999694824219;32155.400390625
2023-03-15;24375.9609375;73.69000244140625;31874.5703125
2023-03-16;25052.7890625;74.69999694824219;32246.55078125
2023-03-17;27423.9296875;72.97000122070312;31861.98046875
2023-03-20;27767.236328125;73.79000091552734;32244.580078125
2023-03-21;28175.81640625;75.31999969482422;32560.599609375
2023-03-22;27307.4375;76.69000244140625;32030.109375
2023-03-23;28333.97265625;75.91000366210938;32105.25
2023-03-24;27493.28515625;74.98999786376953;32237.529296875
2023-03-27;27139.888671875;78.12000274658203;32432.080078125
2023-03-28;27268.130859375;78.6500015258789;32394.25
2023-03-29;28348.44140625;78.27999877929688;32717.599609375
2023-03-30;28033.5625;79.2699966430664;32859.03125
2023-03-31;28478.484375;79.7699966430664;33274.1484375
2023-04-03;27790.220703125;84.93000030517578;33601.1484375
2023-04-04;28168.08984375;84.94000244140625;33402.37890625
2023-04-05;28177.984375;84.98999786376953;33482.71875
2023-04-06;28044.140625;85.12000274658203;33485.2890625
2023-04-10;29652.98046875;84.18000030517578;33586.51953125
2023-04-11;30235.05859375;85.61000061035156;33684.7890625
2023-04-12;30139.052734375;87.33000183105469;33646.5
2023-04-13;30399.06640625;86.08999633789062;34029.69140625
2023-04-14;30485.69921875;86.30999755859375;33886.46875
2023-04-17;29445.044921875;84.76000213623047;33987.1796875
2023-04-18;30397.552734375;84.7699966430664;33976.62890625
2023-04-19;28822.6796875;83.12000274658203;33897.01171875
2023-04-20;28245.98828125;81.0999984741211;33786.62109375
2023-04-21;27276.91015625;81.66000366210938;33808.9609375
2023-04-24;27525.33984375;82.7300033569336;33875.3984375
2023-04-25;28307.59765625;80.7699966430664;33530.828125
2023-04-26;28422.701171875;77.69000244140625;33301.87109375
2023-04-27;29473.787109375;78.37000274658203;33826.16015625
2023-04-28;29340.26171875;79.54000091552734;34098.16015625
2023-05-01;28091.568359375;79.30999755859375;34051.69921875
2023-05-02;28680.537109375;75.31999969482422;33684.53125
2023-05-03;29006.30859375;72.33000183105469;33414.23828125
2023-05-04;28847.7109375;72.5;33127.73828125
2023-05-05;29534.384765625;75.30000305175781;33674.37890625
2023-05-08;27694.2734375;77.01000213623047;33618.69140625
2023-05-09;27658.775390625;77.44000244140625;33561.80859375
2023-05-10;27621.755859375;76.41000366210938;33531.328125
2023-05-11;27000.7890625;74.9800033569336;33309.51171875
2023-05-12;26804.990234375;74.16999816894531;33300.62109375
2023-05-15;27192.693359375;75.2300033569336;33348.6015625
2023-05-16;27036.650390625;74.91000366210938;33012.140625
2023-05-17;27398.802734375;76.95999908447266;33420.76953125
2023-05-18;26832.208984375;75.86000061035156;33535.91015625
2023-05-19;26890.12890625;75.58000183105469;33426.62890625
2023-05-22;26851.27734375;75.98999786376953;33286.578125
2023-05-23;27225.7265625;76.83999633789062;33055.51171875
2023-05-24;26334.818359375;78.36000061035156;32799.921875
2023-05-25;26476.20703125;76.26000213623047;32764.650390625
2023-05-26;26719.291015625;76.94999694824219;33093.33984375
2023-05-30;27702.349609375;73.54000091552734;33042.78125
2023-05-31;27219.658203125;72.66000366210938;32908.26953125
2023-06-01;26819.97265625;74.27999877929688;33061.5703125
2023-06-02;27249.58984375;76.12999725341797;33762.76171875
2023-06-05;25760.09765625;76.70999908447266;33562.859375
2023-06-06;27238.783203125;76.29000091552734;33573.28125
2023-06-07;26345.998046875;76.94999694824219;33665.01953125
2023-06-08;26508.216796875;75.95999908447266;33833.609375
2023-06-09;26480.375;74.79000091552734;33876.78125
2023-06-12;25902.5;71.83999633789062;34066.328125
2023-06-13;25918.728515625;74.29000091552734;34212.12109375
2023-06-14;25124.67578125;73.19999694824219;33979.328125
2023-06-15;25576.39453125;75.66999816894531;34408.05859375
2023-06-16;26327.462890625;76.61000061035156;34299.12109375
2023-06-20;28327.48828125;75.9000015258789;34053.87109375
2023-06-21;30027.296875;77.12000274658203;33951.51953125
2023-06-22;29912.28125;74.13999938964844;33946.7109375
2023-06-23;30695.46875;73.8499984741211;33727.4296875
2023-06-26;30271.130859375;74.18000030517578;33714.7109375
2023-06-27;30688.1640625;72.26000213623047;33926.73828125
2023-06-28;30086.24609375;74.02999877929688;33852.66015625
2023-06-29;30445.3515625;74.33999633789062;34122.421875
2023-06-30;30477.251953125;74.9000015258789;34407.6015625
2023-07-03;31156.439453125;74.6500015258789;34418.46875
2023-07-05;30514.166015625;76.6500015258789;34288.640625
2023-07-06;29909.337890625;76.5199966430664;33922.26171875
2023-07-07;30342.265625;78.47000122070312;33734.87890625
2023-07-10;30414.470703125;77.69000244140625;33944.3984375
2023-07-11;30620.951171875;79.4000015258789;34261.421875
2023-07-12;30391.646484375;80.11000061035156;34347.4296875
2023-07-13;31476.048828125;81.36000061035156;34395.140625
2023-07-14;30334.068359375;79.87000274658203;34509.03125
2023-07-17;30145.888671875;78.5;34585.3515625
2023-07-18;29856.5625;79.62999725341797;34951.9296875
2023-07-19;29913.923828125;79.45999908447266;35061.2109375
2023-07-20;29792.015625;79.63999938964844;35225.1796875
2023-07-21;29908.744140625;81.06999969482422;35227.69140625
2023-07-24;29176.916015625;82.73999786376953;35411.23828125
2023-07-25;29227.390625;83.63999938964844;35438.0703125
2023-07-26;29354.97265625;82.91999816894531;35520.12109375
2023-07-27;29210.689453125;84.23999786376953;35282.71875
2023-07-28;29319.24609375;84.98999786376953;35459.2890625
2023-07-31;29230.111328125;85.55999755859375;35559.53125
2023-08-01;29675.732421875;84.91000366210938;35630.6796875
2023-08-02;29151.958984375;83.19999694824219;35282.51953125
2023-08-03;29178.6796875;85.13999938964844;35215.890625
2023-08-04;29074.091796875;86.23999786376953;35065.62109375
2023-08-07;29180.578125;85.33999633789062;35473.12890625
2023-08-08;29765.4921875;86.16999816894531;35314.48828125
2023-08-09;29561.494140625;87.55000305175781;35123.359375
2023-08-10;29429.591796875;86.4000015258789;35176.1484375
2023-08-11;29397.71484375;86.80999755859375;35281.3984375
2023-08-14;29408.443359375;86.20999908447266;35307.62890625
2023-08-15;29170.34765625;84.88999938964844;34946.390625
2023-08-16;28701.779296875;83.44999694824219;34765.73828125
2023-08-17;26664.55078125;84.12000274658203;34474.828125
2023-08-18;26049.556640625;84.80000305175781;34500.66015625
2023-08-21;26124.140625;84.45999908447266;34463.69140625
2023-08-22;26031.65625;84.02999877929688;34288.828125
2023-08-23;26431.640625;83.20999908447266;34472.98046875
2023-08-24;26162.373046875;83.36000061035156;34099.421875
2023-08-25;26047.66796875;84.4800033569336;34346.8984375
2023-08-28;26106.150390625;84.41999816894531;34559.98046875
2023-08-29;27727.392578125;85.48999786376953;34852.671875
2023-08-30;27297.265625;85.86000061035156;34890.23828125
2023-08-31;25931.47265625;86.86000061035156;34721.91015625
2023-09-01;25800.724609375;88.55000305175781;34837.7109375
2023-09-05;25779.982421875;90.04000091552734;34641.96875
2023-09-06;25753.236328125;90.5999984741211;34443.19140625
2023-09-07;26240.1953125;89.91999816894531;34500.73046875
2023-09-08;25905.654296875;90.6500015258789;34576.58984375
2023-09-11;25162.654296875;90.63999938964844;34663.71875
2023-09-12;25833.34375;92.05999755859375;34645.98828125
2023-09-13;26228.32421875;91.87999725341797;34575.53125
2023-09-14;26539.673828125;93.69999694824219;34907.109375
2023-09-15;26608.693359375;93.93000030517578;34618.23828125
2023-09-18;26754.28125;94.43000030517578;34624.30078125
2023-09-19;27211.1171875;94.33999633789062;34517.73046875
2023-09-20;27132.0078125;93.52999877929688;34440.87890625
2023-09-21;26567.6328125;93.30000305175781;34070.421875
2023-09-22;26579.568359375;93.2699966430664;33963.83984375
2023-09-25;26298.48046875;93.29000091552734;34006.87890625
2023-09-26;26217.25;93.95999908447266;33618.87890625
2023-09-27;26352.716796875;96.55000305175781;33550.26953125
2023-09-28;27021.546875;95.37999725341797;33666.33984375
2023-09-29;26911.720703125;95.30999755859375;33507.5
2023-10-02;27530.78515625;90.70999908447266;33433.3515625
2023-10-03;27429.978515625;90.91999816894531;33002.37890625
2023-10-04;27799.39453125;85.80999755859375;33129.55078125
2023-10-05;27415.912109375;84.06999969482422;33119.5703125
2023-10-06;27946.59765625;84.58000183105469;33407.578125
2023-10-09;27583.677734375;88.1500015258789;33604.6484375
2023-10-10;27391.01953125;87.6500015258789;33739.30078125
2023-10-11;26873.3203125;85.81999969482422;33804.87109375
2023-10-12;26756.798828125;86.0;33631.140625
2023-10-13;26862.375;90.88999938964844;33670.2890625
2023-10-16;28519.466796875;89.6500015258789;33984.5390625
2023-10-17;28415.748046875;89.9000015258789;33997.6484375
2023-10-18;28328.341796875;91.5;33665.078125
2023-10-19;28719.806640625;92.37999725341797;33414.171875
2023-10-20;29682.94921875;92.16000366210938;33127.28125
2023-10-23;33086.234375;89.83000183105469;32936.41015625
2023-10-24;33901.52734375;88.06999969482422;33141.37890625
2023-10-25;34502.8203125;90.12999725341797;33035.9296875
2023-10-26;34156.6484375;87.93000030517578;32784.30078125
2023-10-27;33909.80078125;90.4800033569336;32417.58984375
2023-10-30;34502.36328125;87.44999694824219;32928.9609375
2023-10-31;34667.78125;87.41000366210938;33052.87109375
2023-11-01;35437.25390625;84.62999725341797;33274.578125
2023-11-02;34938.2421875;86.8499984741211;33839.078125
2023-11-03;34732.32421875;84.88999938964844;34061.3203125
2023-11-06;35037.37109375;85.18000030517578;34095.859375
2023-11-07;35443.5625;81.61000061035156;34152.6015625
2023-11-08;35655.27734375;79.54000091552734;34112.26953125
2023-11-09;36693.125;80.01000213623047;33891.94140625
2023-11-10;37313.96875;81.43000030517578;34283.1015625
2023-11-13;36502.35546875;82.5199966430664;34337.87109375
2023-11-14;35537.640625;82.47000122070312;34827.69921875
2023-11-15;37880.58203125;81.18000030517578;34991.2109375
2023-11-16;36154.76953125;77.41999816894531;34945.46875
2023-11-17;36596.68359375;80.61000061035156;34947.28125
2023-11-20;37476.95703125;82.31999969482422;35151.0390625
2023-11-21;35813.8125;82.44999694824219;35088.2890625
2023-11-22;37432.33984375;81.95999908447266;35273.03125
2023-11-24;37720.28125;80.58000183105469;35390.1484375
2023-11-27;37254.16796875;79.9800033569336;35333.46875
2023-11-28;37831.0859375;81.68000030517578;35416.98046875
2023-11-29;37858.4921875;83.0999984741211;35430.421875
2023-11-30;37712.74609375;82.83000183105469;35950.890625
2023-12-01;38688.75;78.87999725341797;36245.5
2023-12-04;41980.09765625;78.02999877929688;36204.44140625
2023-12-05;44080.6484375;77.19999694824219;36124.55859375
2023-12-06;43746.4453125;74.30000305175781;36054.4296875
2023-12-07;43292.6640625;74.05000305175781;36117.37890625
2023-12-08;44166.6015625;75.83999633789062;36247.87109375
2023-12-11;41243.83203125;76.02999877929688;36404.9296875
2023-12-12;41450.22265625;73.23999786376953;36577.94140625
2023-12-13;42890.7421875;74.26000213623047;37090.23828125
2023-12-14;43023.97265625;76.61000061035156;37248.3515625
2023-12-15;41929.7578125;76.55000305175781;37305.16015625
2023-12-18;42623.5390625;77.94999694824219;37306.01953125
2023-12-19;42270.52734375;79.2300033569336;37557.921875
2023-12-20;43652.25;79.69999694824219;37082.0
2023-12-21;43869.15234375;79.38999938964844;37404.3515625
2023-12-22;43997.90234375;79.06999969482422;37385.96875
2023-12-26;42520.40234375;81.06999969482422;37545.328125
2023-12-27;43442.85546875;79.6500015258789;37656.51953125
2023-12-28;42627.85546875;78.38999938964844;37710.1015625
2023-12-29;42099.40234375;77.04000091552734;37689.5390625
